index,entry,combineScore
11.0,<entry1>  [Singapore] WrAR - Johnny Stimson - Material Things [Clicks] - P1 - R - 0062L00000VIrjPQAT  <entry2> <artistName>  nan  <trackName>  nan,0.67
14.0,<entry1>  Atln - Ckay - Love Nwantiti (North African Remix) [Music Video] - P1 - R - 0062L00000WCfDAQA1 [United States]  <entry2> <artistName>  CKay  <trackName>  love nwantiti (feat. ElGrande Toto) [North African Remix],0.665
18.0,<entry1>  Joel Corry - I wish - Drive Traffic To Website  <entry2> <artistName>  Raf  <trackName>  Self Control,0.585
21.0,<entry1>  Joel Corry - I wish - Drive Traffic To Website  <entry2> <artistName>  RA  <trackName>  Hop Wei Boys,0.24
22.0,<entry1>  Joel Corry - I wish - Drive Traffic To Website  <entry2> <artistName>  Joe  <trackName>  Stutter,0.655
23.0,<entry1>  Joel Corry - I wish - Drive Traffic To Website  <entry2> <artistName>  Joelma  <trackName>  Sim,0.5
25.0,<entry1>  Joel Corry - I wish - Drive Traffic To Website  <entry2> <artistName>  RA  <trackName>  Jacob's Story,0.23
26.0,<entry1>  Joel Corry - I wish - Drive Traffic To Website  <entry2> <artistName>  Joe  <trackName>  Lean Into It,0.665
28.0,<entry1>  [SC] Rod Stewart - The Tears of Hercules - PO - OCT 2021  <entry2> <artistName>  War  <trackName>  War,0.67
29.0,<entry1>  [SC] Rod Stewart - The Tears of Hercules - PO - OCT 2021  <entry2> <artistName>  WAR  <trackName>  War,0.5
40.0,<entry1>  [SC] Bushido - Bushido - ALB - Nov 2021  <entry2> <artistName>  Bush  <trackName>  Insect Kin,0.6
41.0,<entry1>  [SC] Bushido - Bushido - ALB - Nov 2021  <entry2> <artistName>  Bush  <trackName>  The Edge Of Love,0.655
42.0,<entry1>  [SC] Bushido - Bushido - ALB - Nov 2021  <entry2> <artistName>  Sia  <trackName>  Tour Bus,0.41500000000000004
43.0,<entry1>  [SC] Bushido - Bushido - ALB - Nov 2021  <entry2> <artistName>  210  <trackName>  117,0.65
44.0,<entry1>  [SC] Bushido - Bushido - ALB - Nov 2021  <entry2> <artistName>  Bush  <trackName>  Alien,0.6
45.0,<entry1>  [SC] Bushido - Bushido - ALB - Nov 2021  <entry2> <artistName>  Bush  <trackName>  Float,0.6
48.0,<entry1>  [VD] Carlota Mad - explicita - SGL - NOV 2021  <entry2> <artistName>  ARLO  <trackName>  Lucid,0.325
49.0,<entry1>  [VD] Carlota Mad - explicita - SGL - NOV 2021  <entry2> <artistName>  ARLO  <trackName>  Nomad,0.325
50.0,<entry1>  [VD] Carlota Mad - explicita - SGL - NOV 2021  <entry2> <artistName>  ALMA  <trackName>  Mama,0.375
52.0,<entry1>  [VD] Carlota Mad - explicita - SGL - NOV 2021  <entry2> <artistName>  Carlos  <trackName>  La Smala,0.605
54.0,<entry1>  [VD] Carlota Mad - explicita - SGL - NOV 2021  <entry2> <artistName>  Riot  <trackName>  Narita,0.5
55.0,<entry1>  [VD] Carlota Mad - explicita - SGL - NOV 2021  <entry2> <artistName>  210  <trackName>  Adult,0.6000000000000001
56.0,<entry1>  [VD] Carlota Mad - explicita - SGL - NOV 2021  <entry2> <artistName>  Lot  <trackName>  Darth Vader,0.6100000000000001
64.0,<entry1>  [SC] Bruno Mars (Silk Sonic) - An Evening With Silk Sonic  - PO - NOV 2021  <entry2> <artistName>  Mars  <trackName>  Look On Her Face,0.655
66.0,"<entry1>  [SC] Bruno Mars (Silk Sonic) - An Evening With Silk Sonic  - PO - NOV 2021  <entry2> <artistName>  Diana Kovaľová, Martin Schreiner, Giovanni Ricci, Julia Kramárová, Timotej Májský, Lucie Bikárová, Dominika Lukešová, Michal Šafrata, Esther Lubadika, Barbora Piešová  <trackName>  The Scientist",0.28500000000000003
67.0,<entry1>  Neil Young Barn Album_Crazy Horse Heading West_Youtube_InStream Ad_awareness  <entry2> <artistName>  Neil Young  <trackName>  Alabama / Campaigner / Ohio / The Times They Are A-Changin’ / Lookin' for a Leader – 2020 / Southern Man / Little Wing (Medley),0.63
69.0,<entry1>  Neil Young Barn Album_Crazy Horse Heading West_Youtube_InStream Ad_awareness  <entry2> <artistName>  ORS  <trackName>  Headin' West,0.625
70.0,<entry1>  Neil Young Barn Album_Crazy Horse Heading West_Youtube_InStream Ad_awareness  <entry2> <artistName>  C WEST  <trackName>  West,0.665
71.0,<entry1>  Neil Young Barn Album_Crazy Horse Heading West_Youtube_InStream Ad_awareness  <entry2> <artistName>  ORS  <trackName>  Intro,0.5650000000000001
74.0,<entry1>  Neil Young Barn Album_Crazy Horse Heading West_Youtube_InStream Ad_awareness  <entry2> <artistName>  RA  <trackName>  Hong,0.5
75.0,<entry1>  Neil Young Barn Album_Crazy Horse Heading West_Youtube_InStream Ad_awareness  <entry2> <artistName>  ORS  <trackName>  Stay,0.41500000000000004
76.0,<entry1>  Neil Young Barn Album_Crazy Horse Heading West_Youtube_InStream Ad_awareness  <entry2> <artistName>  ORS  <trackName>  Doin Me,0.44999999999999996
77.0,<entry1>  N006380 - Multiplica - Mujeres y Petas  <entry2> <artistName>  LINA  <trackName>  LI,0.125
78.0,<entry1>  N006380 - Multiplica - Mujeres y Petas  <entry2> <artistName>  LINA  <trackName>  LINA,0.25
79.0,<entry1>  N006380 - Multiplica - Mujeres y Petas  <entry2> <artistName>  Petal  <trackName>  Shy,0.5650000000000001
80.0,<entry1>  N006380 - Multiplica - Mujeres y Petas  <entry2> <artistName>  Ash  <trackName>  Theres A Star,0.475
81.0,<entry1>  N006380 - Multiplica - Mujeres y Petas  <entry2> <artistName>  Etta  <trackName>  Syö,0.41500000000000004
82.0,<entry1>  N006380 - Multiplica - Mujeres y Petas  <entry2> <artistName>  LINA  <trackName>  LIN,0.29000000000000004
83.0,<entry1>  N006380 - Multiplica - Mujeres y Petas  <entry2> <artistName>  LINA  <trackName>  LINALI,0.21000000000000002
84.0,<entry1>  N006380 - Multiplica - Mujeres y Petas  <entry2> <artistName>  Etta  <trackName>  FML,0.41500000000000004
85.0,<entry1>  N006380 - Multiplica - Mujeres y Petas  <entry2> <artistName>  Tilu  <trackName>  Ilu,0.41500000000000004
86.0,<entry1>  N006380 - Multiplica - Mujeres y Petas  <entry2> <artistName>  Ash  <trackName>  Projects,0.41500000000000004
87.0,<entry1>  REC118 D2C NINHO JEFE _ Website traffic-Search  <entry2> <artistName>  Ninho  <trackName>  Jefe,0.235
88.0,<entry1>  REC118 D2C NINHO JEFE _ Website traffic-Search  <entry2> <artistName>  Raf  <trackName>  Eva,0.5
89.0,<entry1>  REC118 D2C NINHO JEFE _ Website traffic-Search  <entry2> <artistName>  Ninho  <trackName>  Aïcha,0.33
90.0,<entry1>  REC118 D2C NINHO JEFE _ Website traffic-Search  <entry2> <artistName>  Ninho  <trackName>  TTR,0.275
91.0,<entry1>  REC118 D2C NINHO JEFE _ Website traffic-Search  <entry2> <artistName>  Ninho  <trackName>  Rose,0.36
92.0,<entry1>  REC118 D2C NINHO JEFE _ Website traffic-Search  <entry2> <artistName>  Ninho  <trackName>  Vrais,0.31
93.0,<entry1>  REC118 D2C NINHO JEFE _ Website traffic-Search  <entry2> <artistName>  CHE  <trackName>  Scar,0.54
94.0,<entry1>  REC118 D2C NINHO JEFE _ Website traffic-Search  <entry2> <artistName>  Ninho  <trackName>  RER D,0.31
95.0,<entry1>  REC118 D2C NINHO JEFE _ Website traffic-Search  <entry2> <artistName>  Ninho  <trackName>  Chino,0.255
97.0,<entry1>  [VD] Y yo latiendo - SGL - NOV 2021 (2)  <entry2> <artistName>  YAYO  <trackName>  Yolo,0.375
98.0,<entry1>  [VD] Y yo latiendo - SGL - NOV 2021 (2)  <entry2> <artistName>  Indy  <trackName>  Intro,0.45
99.0,<entry1>  [VD] Y yo latiendo - SGL - NOV 2021 (2)  <entry2> <artistName>  DEDO  <trackName>  Intro,0.325
101.0,<entry1>  [VD] Y yo latiendo - SGL - NOV 2021 (2)  <entry2> <artistName>  YAYO  <trackName>  Timer,0.325
102.0,<entry1>  [VD] Y yo latiendo - SGL - NOV 2021 (2)  <entry2> <artistName>  TEEN  <trackName>  Pretend,0.41
103.0,<entry1>  [VD] Y yo latiendo - SGL - NOV 2021 (2)  <entry2> <artistName>  LOTI  <trackName>  The End,0.33999999999999997
104.0,<entry1>  [VD] Y yo latiendo - SGL - NOV 2021 (2)  <entry2> <artistName>  VOLA  <trackName>  Smartfriend,0.4
105.0,<entry1>  [VD] Y yo latiendo - SGL - NOV 2021 (2)  <entry2> <artistName>  Vola  <trackName>  Smartfriend,0.65
106.0,<entry1>  [VD] Y yo latiendo - SGL - NOV 2021 (2)  <entry2> <artistName>  Enzo  <trackName>  Ya No Puedo Más,0.515
107.0,<entry1>  YT - Jubël at fotografiska - BOOST  <entry2> <artistName>  RA  <trackName>  Bolo,0.125
108.0,<entry1>  YT - Jubël at fotografiska - BOOST  <entry2> <artistName>  Raf  <trackName>  Tu,0.585
109.0,<entry1>  YT - Jubël at fotografiska - BOOST  <entry2> <artistName>  Boosta  <trackName>  Boosta: Diva,0.15
110.0,<entry1>  YT - Jubël at fotografiska - BOOST  <entry2> <artistName>  STN  <trackName>  Top,0.5650000000000001
111.0,<entry1>  YT - Jubël at fotografiska - BOOST  <entry2> <artistName>  Raf  <trackName>  Ti amo,0.585
112.0,<entry1>  YT - Jubël at fotografiska - BOOST  <entry2> <artistName>  Raf  <trackName>  Il battito animale,0.585
113.0,<entry1>  YT - Jubël at fotografiska - BOOST  <entry2> <artistName>  RA  <trackName>  Hong,0.25
114.0,<entry1>  YT - Jubël at fotografiska - BOOST  <entry2> <artistName>  RA  <trackName>  Hop Wei Boys,0.13
115.0,<entry1>  YT - Jubël at fotografiska - BOOST  <entry2> <artistName>  Raf  <trackName>  Gloria,0.585
116.0,<entry1>  YT - Jubël at fotografiska - BOOST  <entry2> <artistName>  Raf  <trackName>  Notte rosa,0.535
121.0,<entry1>  Oma geht Steil x Mastodon - Pushing the Tides_Youtube_Discovery Ad_awareness  <entry2> <artistName>  Omar  <trackName>  Stop,0.625
123.0,<entry1>  Oma geht Steil x Mastodon - Pushing the Tides_Youtube_Discovery Ad_awareness  <entry2> <artistName>  WAR  <trackName>  Spill The Wine,0.41500000000000004
124.0,<entry1>  Oma geht Steil x Mastodon - Pushing the Tides_Youtube_Discovery Ad_awareness  <entry2> <artistName>  War  <trackName>  Spill The Wine,0.585
126.0,<entry1>  Oma geht Steil x Mastodon - Pushing the Tides_Youtube_Discovery Ad_awareness  <entry2> <artistName>  War  <trackName>  Happiness,0.615
127.0,<entry1>  2021 Biffy Clyro - TMOTHEA GDN  <entry2> <artistName>  Biffy Clyro  <trackName>  The Fog,0.5700000000000001
128.0,<entry1>  2021 Biffy Clyro - TMOTHEA GDN  <entry2> <artistName>  210  <trackName>  210,0.67
129.0,<entry1>  2021 Biffy Clyro - TMOTHEA GDN  <entry2> <artistName>  Biffy Clyro  <trackName>  The Rain,0.625
130.0,<entry1>  2021 Biffy Clyro - TMOTHEA GDN  <entry2> <artistName>  Motörhead  <trackName>  Motörhead,0.11
131.0,<entry1>  2021 Biffy Clyro - TMOTHEA GDN  <entry2> <artistName>  Motörhead  <trackName>  Motorhead,0.11
132.0,<entry1>  2021 Biffy Clyro - TMOTHEA GDN  <entry2> <artistName>  Biffy Clyro  <trackName>  Touch,0.6
133.0,<entry1>  2021 Biffy Clyro - TMOTHEA GDN  <entry2> <artistName>  Biffy Clyro  <trackName>  Plead,0.6
134.0,<entry1>  2021 Biffy Clyro - TMOTHEA GDN  <entry2> <artistName>  Biffy Clyro  <trackName>  A Headline,0.635
135.0,<entry1>  2021 Biffy Clyro - TMOTHEA GDN  <entry2> <artistName>  Biffy Clyro  <trackName>  All The Way Down,0.635
136.0,<entry1>  2021 Biffy Clyro - TMOTHEA GDN  <entry2> <artistName>  Biffy Clyro  <trackName>  That Golden Rule,0.625
138.0,<entry1>  Atln - GAYLE - Abcdefu [Pt. 2] - P2 - R - 0062L00000WCn3qQAD [Canada]  <entry2> <artistName>  ABC  <trackName>  Tin Pan Alley,0.32
139.0,<entry1>  Atln - GAYLE - Abcdefu [Pt. 2] - P2 - R - 0062L00000WCn3qQAD [Canada]  <entry2> <artistName>  Snada  <trackName>  Doa,0.5650000000000001
140.0,<entry1>  Atln - GAYLE - Abcdefu [Pt. 2] - P2 - R - 0062L00000WCn3qQAD [Canada]  <entry2> <artistName>  Wale  <trackName>  Bait,0.25
141.0,<entry1>  Atln - GAYLE - Abcdefu [Pt. 2] - P2 - R - 0062L00000WCn3qQAD [Canada]  <entry2> <artistName>  Wale  <trackName>  Bad,0.46
142.0,<entry1>  Atln - GAYLE - Abcdefu [Pt. 2] - P2 - R - 0062L00000WCn3qQAD [Canada]  <entry2> <artistName>  Wale  <trackName>  DNA,0.29000000000000004
143.0,<entry1>  Atln - GAYLE - Abcdefu [Pt. 2] - P2 - R - 0062L00000WCn3qQAD [Canada]  <entry2> <artistName>  ATB  <trackName>  Alcarda,0.38
144.0,<entry1>  Atln - GAYLE - Abcdefu [Pt. 2] - P2 - R - 0062L00000WCn3qQAD [Canada]  <entry2> <artistName>  ABC  <trackName>  Do konca swiata,0.365
145.0,"<entry1>  Atln - GAYLE - Abcdefu [Pt. 2] - P2 - R - 0062L00000WCn3qQAD [Canada]  <entry2> <artistName>  Diana Kovaľová, Martin Schreiner, Giovanni Ricci, Julia Kramárová, Timotej Májský, Lucie Bikárová, Dominika Lukešová, Michal Šafrata, Esther Lubadika, Barbora Piešová  <trackName>  Tancis sama",0.28
148.0,<entry1>  Karl Killing - friday nights-EE-WMB  <entry2> <artistName>  Faria  <trackName>  Karma,0.6
149.0,<entry1>  Karl Killing - friday nights-EE-WMB  <entry2> <artistName>  Ri  <trackName>  My riga,0.5349999999999999
150.0,<entry1>  Karl Killing - friday nights-EE-WMB  <entry2> <artistName>  KARI  <trackName>  War,0.46
152.0,<entry1>  Karl Killing - friday nights-EE-WMB  <entry2> <artistName>  NIIGHTS  <trackName>  Segue,0.1
153.0,<entry1>  Karl Killing - friday nights-EE-WMB  <entry2> <artistName>  NIIGHTS  <trackName>  Trees,0.1
154.0,<entry1>  Karl Killing - friday nights-EE-WMB  <entry2> <artistName>  Lights  <trackName>  White,0.54
155.0,<entry1>  Karl Killing - friday nights-EE-WMB  <entry2> <artistName>  Lights  <trackName>  Real Thing,0.665
156.0,<entry1>  Karl Killing - friday nights-EE-WMB  <entry2> <artistName>  illion  <trackName>  DANCE,0.515
157.0,<entry1>  [DS] Vanesa Martín - 7 Veces Si Reedición - PO - NOV 2021  <entry2> <artistName>  Vanesa Martín  <trackName>  Hoy no,0.665
160.0,<entry1>  [DS] Vanesa Martín - 7 Veces Si Reedición - PO - NOV 2021  <entry2> <artistName>  Alma  <trackName>  Ivre,0.25
163.0,<entry1>  [DS] Vanesa Martín - 7 Veces Si Reedición - PO - NOV 2021  <entry2> <artistName>  Vanesa Martín  <trackName>  Ey,0.5
165.0,<entry1>  [DS] Vanesa Martín - 7 Veces Si Reedición - PO - NOV 2021  <entry2> <artistName>  Vec  <trackName>  Slovak,0.665
166.0,<entry1>  [DS] Vanesa Martín - 7 Veces Si Reedición - PO - NOV 2021  <entry2> <artistName>  Vec  <trackName>  Rosada,0.665
168.0,"<entry1>  2021 Ed Sheeran - """"="""" Release  <entry2> <artistName>  210  <trackName>  210",0.67
171.0,"<entry1>  2021 Ed Sheeran - """"="""" Release  <entry2> <artistName>  Ed Sheeran  <trackName>  Edoras",0.665
173.0,"<entry1>  2021 Ed Sheeran - """"="""" Release  <entry2> <artistName>  RA  <trackName>  Leary Sophie",0.425
182.0,<entry1>  [SC] David Bowie - Brilliant Adventure - PO - NOV 2021  <entry2> <artistName>  David Bowie  <trackName>  Art Decade,0.65
187.0,<entry1>  [SC] Vanesa Martín - Siete veces sí - PO - NOV 2021  <entry2> <artistName>  Vanesa Martín  <trackName>  Hoy no,0.665
190.0,<entry1>  [SC] Vanesa Martín - Siete veces sí - PO - NOV 2021  <entry2> <artistName>  Vec  <trackName>  Rosada,0.585
191.0,<entry1>  [SC] Vanesa Martín - Siete veces sí - PO - NOV 2021  <entry2> <artistName>  Vec  <trackName>  Slovak,0.5
195.0,<entry1>  [SC] Vanesa Martín - Siete veces sí - PO - NOV 2021  <entry2> <artistName>  Vanesa Martín  <trackName>  Que no,0.665
198.0,<entry1>  [SC] Gen Dro Cines (Rosendo) - Evento - NOV 2021  <entry2> <artistName>  Venom  <trackName>  Venom,0.4
202.0,<entry1>  [SC] Gen Dro Cines (Rosendo) - Evento - NOV 2021  <entry2> <artistName>  Rosendo  <trackName>  Entredientes,0.665
204.0,<entry1>  [SC] Gen Dro Cines (Rosendo) - Evento - NOV 2021  <entry2> <artistName>  Rosendo  <trackName>  No son gigantes,0.665
206.0,<entry1>  [SC] Gen Dro Cines (Rosendo) - Evento - NOV 2021  <entry2> <artistName>  SEVEN  <trackName>  YES,0.265
208.0,<entry1>  YT - Jireel - Dagar i regn - BOOST  <entry2> <artistName>  Boosta  <trackName>  Boosta: Diva,0.215
209.0,<entry1>  YT - Jireel - Dagar i regn - BOOST  <entry2> <artistName>  Diaa  <trackName>  Satu,0.54
211.0,<entry1>  YT - Jireel - Dagar i regn - BOOST  <entry2> <artistName>  BLOO  <trackName>  Bloo Story,0.51
212.0,<entry1>  YT - Jireel - Dagar i regn - BOOST  <entry2> <artistName>  Boosta  <trackName>  Boosta: Daimon,0.27
213.0,<entry1>  YT - Jireel - Dagar i regn - BOOST  <entry2> <artistName>  Boosta  <trackName>  Boosta: Fiducia,0.14
214.0,<entry1>  YT - Jireel - Dagar i regn - BOOST  <entry2> <artistName>  BLOO  <trackName>  Drama,0.575
215.0,<entry1>  YT - Jireel - Dagar i regn - BOOST  <entry2> <artistName>  Ire  <trackName>  Osos de Colores,0.47000000000000003
216.0,<entry1>  YT - Jireel - Dagar i regn - BOOST  <entry2> <artistName>  Aria  <trackName>  99 Red Balloons,0.385
217.0,<entry1>  PL Noel - Boost du 11/11 - 1k€ - 091121 - Trafic  <entry2> <artistName>  RA  <trackName>  Bolo,0.375
218.0,<entry1>  PL Noel - Boost du 11/11 - 1k€ - 091121 - Trafic  <entry2> <artistName>  Raf  <trackName>  Due,0.5
219.0,<entry1>  PL Noel - Boost du 11/11 - 1k€ - 091121 - Trafic  <entry2> <artistName>  AFI  <trackName>  3 1/2,0.3
220.0,<entry1>  PL Noel - Boost du 11/11 - 1k€ - 091121 - Trafic  <entry2> <artistName>  ATFC  <trackName>  ATFC,0.25
222.0,<entry1>  PL Noel - Boost du 11/11 - 1k€ - 091121 - Trafic  <entry2> <artistName>  Raf  <trackName>  Self Control,0.545
223.0,<entry1>  PL Noel - Boost du 11/11 - 1k€ - 091121 - Trafic  <entry2> <artistName>  FiNCH  <trackName>  Du bist Du,0.375
224.0,<entry1>  PL Noel - Boost du 11/11 - 1k€ - 091121 - Trafic  <entry2> <artistName>  91  <trackName>  Palo cortao,0.635
225.0,<entry1>  PL Noel - Boost du 11/11 - 1k€ - 091121 - Trafic  <entry2> <artistName>  91  <trackName>  Esta noche,0.65
226.0,<entry1>  PL Noel - Boost du 11/11 - 1k€ - 091121 - Trafic  <entry2> <artistName>  RA  <trackName>  Hop Wei Boys,0.25
228.0,<entry1>  WMTH_SMOTW แปลเพลงฮิต_vdo view_Tiktok  <entry2> <artistName>  Tiësto  <trackName>  WOW,0.5
229.0,<entry1>  WMTH_SMOTW แปลเพลงฮิต_vdo view_Tiktok  <entry2> <artistName>  Stikstof  <trackName>  Toch,0.39
230.0,<entry1>  WMTH_SMOTW แปลเพลงฮิต_vdo view_Tiktok  <entry2> <artistName>  2TikTok  <trackName>  Mas Jon,0.425
231.0,<entry1>  WMTH_SMOTW แปลเพลงฮิต_vdo view_Tiktok  <entry2> <artistName>  Simo  <trackName>  Be With You,0.45
232.0,<entry1>  WMTH_SMOTW แปลเพลงฮิต_vdo view_Tiktok  <entry2> <artistName>  Mowg  <trackName>  Stalk,0.345
233.0,<entry1>  WMTH_SMOTW แปลเพลงฮิต_vdo view_Tiktok  <entry2> <artistName>  TH!S  <trackName>  Do You Want It,0.48
234.0,<entry1>  WMTH_SMOTW แปลเพลงฮิต_vdo view_Tiktok  <entry2> <artistName>  Miko  <trackName>  Kiev,0.625
235.0,<entry1>  WMTH_SMOTW แปลเพลงฮิต_vdo view_Tiktok  <entry2> <artistName>  Mowg  <trackName>  Void,0.25
236.0,<entry1>  WMTH_SMOTW แปลเพลงฮิต_vdo view_Tiktok  <entry2> <artistName>  Miko  <trackName>  Knor,0.5
238.0,<entry1>  Benson Boone - Ghost Town - SW  <entry2> <artistName>  EBEN  <trackName>  Ghost Town,0.625
240.0,<entry1>  Benson Boone - Ghost Town - SW  <entry2> <artistName>  One  <trackName>  Becoming,0.585
241.0,<entry1>  Benson Boone - Ghost Town - SW  <entry2> <artistName>  Owen  <trackName>  Lost,0.625
242.0,<entry1>  Benson Boone - Ghost Town - SW  <entry2> <artistName>  One  <trackName>  Immersion,0.555
243.0,<entry1>  Benson Boone - Ghost Town - SW  <entry2> <artistName>  One  <trackName>  Beginning,0.555
244.0,<entry1>  Benson Boone - Ghost Town - SW  <entry2> <artistName>  EBEN  <trackName>  Jenny,0.325
245.0,<entry1>  Benson Boone - Ghost Town - SW  <entry2> <artistName>  BRONSON  <trackName>  TENSE,0.175
246.0,<entry1>  Benson Boone - Ghost Town - SW  <entry2> <artistName>  One  <trackName>  Resolution,0.585
248.0,<entry1>  WMP - Reach - Sia - Snowman  <entry2> <artistName>  Maná  <trackName>  Ana,0.44999999999999996
250.0,<entry1>  WMP - Reach - Sia - Snowman  <entry2> <artistName>  MEAN  <trackName>  So Mean,0.41
253.0,<entry1>  WMP - Reach - Sia - Snowman  <entry2> <artistName>  Maná  <trackName>  Mar,0.44999999999999996
254.0,<entry1>  WMP - Reach - Sia - Snowman  <entry2> <artistName>  Many  <trackName>  Mecano,0.46499999999999997
259.0,<entry1>  Kevinho - Chama Neném [Tráfego] 10.11.21  <entry2> <artistName>  Ninho  <trackName>  TTR,0.5650000000000001
261.0,<entry1>  Kevinho - Chama Neném [Tráfego] 10.11.21  <entry2> <artistName>  Hamza  <trackName>  Keke,0.55
262.0,<entry1>  Kevinho - Chama Neném [Tráfego] 10.11.21  <entry2> <artistName>  Ninho  <trackName>  Aïcha,0.6000000000000001
263.0,<entry1>  Kevinho - Chama Neném [Tráfego] 10.11.21  <entry2> <artistName>  Ninho  <trackName>  Intro,0.6000000000000001
264.0,<entry1>  Kevinho - Chama Neném [Tráfego] 10.11.21  <entry2> <artistName>  Ninho  <trackName>  Tokarev,0.545
265.0,<entry1>  Kevinho - Chama Neném [Tráfego] 10.11.21  <entry2> <artistName>  Ninho  <trackName>  Chino,0.6000000000000001
266.0,<entry1>  Kevinho - Chama Neném [Tráfego] 10.11.21  <entry2> <artistName>  Ninho  <trackName>  La zone,0.615
267.0,<entry1>  Oliver Tree Final Phase  <entry2> <artistName>  LINA  <trackName>  LI,0.0
269.0,<entry1>  Oliver Tree Final Phase  <entry2> <artistName>  Sea  <trackName>  Lover,0.46499999999999997
271.0,<entry1>  Oliver Tree Final Phase  <entry2> <artistName>  LINA  <trackName>  LINAL,0.0
272.0,<entry1>  Oliver Tree Final Phase  <entry2> <artistName>  Oliver Tree  <trackName>  All in All,0.605
273.0,<entry1>  Oliver Tree Final Phase  <entry2> <artistName>  Oliver Tree  <trackName>  Cheapskate,0.635
274.0,<entry1>  Oliver Tree Final Phase  <entry2> <artistName>  LINA  <trackName>  LINA,0.0
275.0,<entry1>  Oliver Tree Final Phase  <entry2> <artistName>  Alpha  <trackName>  Sliver Light,0.55
278.0,<entry1>  Casper The Ghost x Jutes - BAD - Boost CTG  <entry2> <artistName>  Jules  <trackName>  Peru,0.65
281.0,<entry1>  Casper The Ghost x Jutes - BAD - Boost CTG  <entry2> <artistName>  The S  <trackName>  Go,0.65
282.0,<entry1>  Casper The Ghost x Jutes - BAD - Boost CTG  <entry2> <artistName>  Cast  <trackName>  Avanser,0.6599999999999999
283.0,<entry1>  Casper The Ghost x Jutes - BAD - Boost CTG  <entry2> <artistName>  Cast  <trackName>  Party,0.475
284.0,<entry1>  Casper The Ghost x Jutes - BAD - Boost CTG  <entry2> <artistName>  The Hi  <trackName>  I O U,0.43500000000000005
286.0,<entry1>  Casper The Ghost x Jutes - BAD - Boost CTG  <entry2> <artistName>  Cast  <trackName>  Paper Chains,0.625
287.0,<entry1>  PLUMAS LIKE | CLICK  <entry2> <artistName>  Plumas  <trackName>  Like,0.21000000000000002
288.0,<entry1>  PLUMAS LIKE | CLICK  <entry2> <artistName>  LUKA  <trackName>  Play,0.5
289.0,<entry1>  PLUMAS LIKE | CLICK  <entry2> <artistName>  Mars  <trackName>  Play,0.25
290.0,<entry1>  PLUMAS LIKE | CLICK  <entry2> <artistName>  Mars  <trackName>  Liu Lian,0.315
291.0,<entry1>  PLUMAS LIKE | CLICK  <entry2> <artistName>  THICK  <trackName>  So Sick,0.44499999999999995
292.0,<entry1>  PLUMAS LIKE | CLICK  <entry2> <artistName>  Cali  <trackName>  Paola,0.225
293.0,<entry1>  PLUMAS LIKE | CLICK  <entry2> <artistName>  Swick  <trackName>  Ticketz,0.1
294.0,<entry1>  PLUMAS LIKE | CLICK  <entry2> <artistName>  Luna  <trackName>  Slide,0.225
295.0,<entry1>  PLUMAS LIKE | CLICK  <entry2> <artistName>  Luke  <trackName>  Libre,0.225
296.0,<entry1>  PLUMAS LIKE | CLICK  <entry2> <artistName>  Mars  <trackName>  Play (Click Radio Remix),0.22999999999999998
297.0,<entry1>  PRE-SAVE AVRIL LAVIGNE  <entry2> <artistName>  Nek  <trackName>  Cri,0.2
298.0,<entry1>  PRE-SAVE AVRIL LAVIGNE  <entry2> <artistName>  Anvil  <trackName>  Sativa,0.185
299.0,<entry1>  PRE-SAVE AVRIL LAVIGNE  <entry2> <artistName>  Nek  <trackName>  Es asi,0.365
300.0,<entry1>  PRE-SAVE AVRIL LAVIGNE  <entry2> <artistName>  Nek  <trackName>  in Te,0.30000000000000004
301.0,<entry1>  PRE-SAVE AVRIL LAVIGNE  <entry2> <artistName>  Nek  <trackName>  Jane,0.2
302.0,<entry1>  PRE-SAVE AVRIL LAVIGNE  <entry2> <artistName>  Ri  <trackName>  Highlife,0.25
303.0,<entry1>  PRE-SAVE AVRIL LAVIGNE  <entry2> <artistName>  Avril Lavigne  <trackName>  Head Above Water,0.21000000000000002
304.0,<entry1>  PRE-SAVE AVRIL LAVIGNE  <entry2> <artistName>  Avril Lavigne  <trackName>  Head Above Water (feat. We The Kings),0.185
305.0,<entry1>  PRE-SAVE AVRIL LAVIGNE  <entry2> <artistName>  Nek  <trackName>  Vai sola,0.325
306.0,<entry1>  PRE-SAVE AVRIL LAVIGNE  <entry2> <artistName>  Nek  <trackName>  Ringo Nek,0.32
308.0,<entry1>  Surf Curse - Freaks (feat Travis Barker)_TikTok_In-Feed Ad_clicks  <entry2> <artistName>  KSI  <trackName>  ok,0.665
309.0,<entry1>  Surf Curse - Freaks (feat Travis Barker)_TikTok_In-Feed Ad_clicks  <entry2> <artistName>  Curse  <trackName>  Rap,0.665
312.0,<entry1>  Surf Curse - Freaks (feat Travis Barker)_TikTok_In-Feed Ad_clicks  <entry2> <artistName>  RAVI  <trackName>  PAUSE,0.225
313.0,<entry1>  Surf Curse - Freaks (feat Travis Barker)_TikTok_In-Feed Ad_clicks  <entry2> <artistName>  KSI  <trackName>  Ares,0.41500000000000004
314.0,<entry1>  Surf Curse - Freaks (feat Travis Barker)_TikTok_In-Feed Ad_clicks  <entry2> <artistName>  RAVI  <trackName>  ROSES,0.225
315.0,<entry1>  Surf Curse - Freaks (feat Travis Barker)_TikTok_In-Feed Ad_clicks  <entry2> <artistName>  RK  <trackName>  Euros,0.2
317.0,<entry1>  ARRIVEE TIKTOK NINHO - boost video artiste - 1 k- Reach20211110180517  <entry2> <artistName>  Ninho  <trackName>  Bob,0.365
318.0,<entry1>  ARRIVEE TIKTOK NINHO - boost video artiste - 1 k- Reach20211110180517  <entry2> <artistName>  Artes  <trackName>  Arriba,0.46499999999999997
319.0,<entry1>  ARRIVEE TIKTOK NINHO - boost video artiste - 1 k- Reach20211110180517  <entry2> <artistName>  WAR  <trackName>  War,0.67
320.0,<entry1>  ARRIVEE TIKTOK NINHO - boost video artiste - 1 k- Reach20211110180517  <entry2> <artistName>  Arrival  <trackName>  Live,0.395
321.0,<entry1>  ARRIVEE TIKTOK NINHO - boost video artiste - 1 k- Reach20211110180517  <entry2> <artistName>  Ninho  <trackName>  Aïcha,0.4
322.0,<entry1>  ARRIVEE TIKTOK NINHO - boost video artiste - 1 k- Reach20211110180517  <entry2> <artistName>  Ninho  <trackName>  Vrais,0.5
323.0,<entry1>  ARRIVEE TIKTOK NINHO - boost video artiste - 1 k- Reach20211110180517  <entry2> <artistName>  Ninho  <trackName>  Intro,0.30000000000000004
324.0,<entry1>  ARRIVEE TIKTOK NINHO - boost video artiste - 1 k- Reach20211110180517  <entry2> <artistName>  Ninho  <trackName>  Roro,0.45
325.0,<entry1>  ARRIVEE TIKTOK NINHO - boost video artiste - 1 k- Reach20211110180517  <entry2> <artistName>  Ninho  <trackName>  Monotonie,0.42000000000000004
326.0,"<entry1>  ARRIVEE TIKTOK NINHO - boost video artiste - 1 k- Reach20211110180517  <entry2> <artistName>  Diana Kovaľová, Martin Schreiner, Giovanni Ricci, Julia Kramárová, Timotej Májský, Lucie Bikárová, Dominika Lukešová, Michal Šafrata, Esther Lubadika, Barbora Piešová  <trackName>  The Scientist",0.315
330.0,<entry1>  D2C Ninho 5k Conversions  <entry2> <artistName>  As Lions  <trackName>  Skin,0.605
334.0,<entry1>  D2C Ninho 5k Conversions  <entry2> <artistName>  Inxs  <trackName>  Questions,0.605
335.0,<entry1>  D2C Ninho 5k Conversions  <entry2> <artistName>  Sio  <trackName>  encounter,0.5
336.0,<entry1>  D2C Ninho 5k Conversions  <entry2> <artistName>  Sio  <trackName>  i love it,0.615
337.0,<entry1>  PREECOUTE DEEZER X NINHO 7.5K€ Reach  <entry2> <artistName>  Ninho  <trackName>  Aïcha,0.33
338.0,<entry1>  PREECOUTE DEEZER X NINHO 7.5K€ Reach  <entry2> <artistName>  Reeko  <trackName>  Echo,0.485
339.0,<entry1>  PREECOUTE DEEZER X NINHO 7.5K€ Reach  <entry2> <artistName>  Ninho  <trackName>  RER D,0.41
340.0,<entry1>  PREECOUTE DEEZER X NINHO 7.5K€ Reach  <entry2> <artistName>  Ninho  <trackName>  Outro,0.21000000000000002
341.0,<entry1>  PREECOUTE DEEZER X NINHO 7.5K€ Reach  <entry2> <artistName>  Ninho  <trackName>  Goutte d'eau,0.235
342.0,<entry1>  PREECOUTE DEEZER X NINHO 7.5K€ Reach  <entry2> <artistName>  Ninho  <trackName>  Promo,0.21000000000000002
343.0,<entry1>  PREECOUTE DEEZER X NINHO 7.5K€ Reach  <entry2> <artistName>  Ninho  <trackName>  Chino,0.255
344.0,<entry1>  PREECOUTE DEEZER X NINHO 7.5K€ Reach  <entry2> <artistName>  Ninho  <trackName>  Rose,0.36
345.0,<entry1>  PREECOUTE DEEZER X NINHO 7.5K€ Reach  <entry2> <artistName>  Otep  <trackName>  Zero,0.25
346.0,<entry1>  PREECOUTE DEEZER X NINHO 7.5K€ Reach  <entry2> <artistName>  Ninho  <trackName>  Zipette,0.18
347.0,<entry1>  PREECOUTE DEEZER X NINHO 7.5K€ Traffic20211110183306  <entry2> <artistName>  Ninho  <trackName>  TTR,0.265
348.0,<entry1>  PREECOUTE DEEZER X NINHO 7.5K€ Traffic20211110183306  <entry2> <artistName>  Raf  <trackName>  Due,0.5
349.0,<entry1>  PREECOUTE DEEZER X NINHO 7.5K€ Traffic20211110183306  <entry2> <artistName>  Ninho  <trackName>  Outro,0.2
350.0,<entry1>  PREECOUTE DEEZER X NINHO 7.5K€ Traffic20211110183306  <entry2> <artistName>  Reeko  <trackName>  Echo,0.225
351.0,<entry1>  PREECOUTE DEEZER X NINHO 7.5K€ Traffic20211110183306  <entry2> <artistName>  Ninho  <trackName>  Vrais,0.30000000000000004
352.0,<entry1>  PREECOUTE DEEZER X NINHO 7.5K€ Traffic20211110183306  <entry2> <artistName>  Ninho  <trackName>  RER D,0.4
353.0,<entry1>  PREECOUTE DEEZER X NINHO 7.5K€ Traffic20211110183306  <entry2> <artistName>  Raf  <trackName>  Ti pretendo,0.42500000000000004
354.0,<entry1>  PREECOUTE DEEZER X NINHO 7.5K€ Traffic20211110183306  <entry2> <artistName>  Ninho  <trackName>  Goutte d'eau,0.185
355.0,<entry1>  PREECOUTE DEEZER X NINHO 7.5K€ Traffic20211110183306  <entry2> <artistName>  Ninho  <trackName>  Rose,0.225
356.0,<entry1>  PREECOUTE DEEZER X NINHO 7.5K€ Traffic20211110183306  <entry2> <artistName>  Ninho  <trackName>  Promo,0.2
357.0,<entry1>  Meri Deal Te Beso Yo  <entry2> <artistName>  MDE  <trackName>  Bumper,0.33
358.0,<entry1>  Meri Deal Te Beso Yo  <entry2> <artistName>  GOYO  <trackName>  Memories,0.435
359.0,<entry1>  Meri Deal Te Beso Yo  <entry2> <artistName>  Amber  <trackName>  Yes,0.535
360.0,<entry1>  Meri Deal Te Beso Yo  <entry2> <artistName>  Mel  <trackName>  Oh My God,0.5
361.0,<entry1>  Meri Deal Te Beso Yo  <entry2> <artistName>  Mel  <trackName>  Allez,0.535
362.0,<entry1>  Meri Deal Te Beso Yo  <entry2> <artistName>  Meredi  <trackName>  Exit Earth,0.485
363.0,<entry1>  Meri Deal Te Beso Yo  <entry2> <artistName>  Metric  <trackName>  On The Sly,0.535
364.0,<entry1>  Meri Deal Te Beso Yo  <entry2> <artistName>  Amber  <trackName>  Love On You,0.44
365.0,<entry1>  Meri Deal Te Beso Yo  <entry2> <artistName>  Merci  <trackName>  Haunt Me,0.525
366.0,<entry1>  Meri Deal Te Beso Yo  <entry2> <artistName>  SOYOU  <trackName>  I Miss You,0.375
368.0,<entry1>  Medina - Teaser 2022  <entry2> <artistName>  Dave 202  <trackName>  MME,0.54
373.0,<entry1>  Medina - Teaser 2022  <entry2> <artistName>  Medina  <trackName>  Gutter,0.665
375.0,<entry1>  Medina - Teaser 2022  <entry2> <artistName>  Medina  <trackName>  6:00 AM,0.585
382.0,<entry1>  Ed Sheeran Overpass Graffiti  <entry2> <artistName>  Raf  <trackName>  Eva,0.5
384.0,<entry1>  Ed Sheeran Overpass Graffiti  <entry2> <artistName>  Ed Sheeran  <trackName>  Eraser,0.665
386.0,<entry1>  Ed Sheeran Overpass Graffiti  <entry2> <artistName>  Straffitti  <trackName>  LEPA,0.495
387.0,<entry1>  co_fb_co9_mom_boyfriend_portuguese_126292_de_vp14_ago_387066  <entry2> <artistName>  GFRIEND  <trackName>  Yoru,0.375
388.0,<entry1>  co_fb_co9_mom_boyfriend_portuguese_126292_de_vp14_ago_387066  <entry2> <artistName>  BOY  <trackName>  Mutual Friends,0.18
389.0,<entry1>  co_fb_co9_mom_boyfriend_portuguese_126292_de_vp14_ago_387066  <entry2> <artistName>  Wind  <trackName>  Frei,0.625
390.0,<entry1>  co_fb_co9_mom_boyfriend_portuguese_126292_de_vp14_ago_387066  <entry2> <artistName>  Muse  <trackName>  Rain,0.5
391.0,<entry1>  co_fb_co9_mom_boyfriend_portuguese_126292_de_vp14_ago_387066  <entry2> <artistName>  BOY  <trackName>  Skin,0.25
392.0,<entry1>  co_fb_co9_mom_boyfriend_portuguese_126292_de_vp14_ago_387066  <entry2> <artistName>  BOY  <trackName>  Fear,0.125
393.0,<entry1>  co_fb_co9_mom_boyfriend_portuguese_126292_de_vp14_ago_387066  <entry2> <artistName>  Ouse  <trackName>  Cold,0.5
395.0,<entry1>  co_fb_co9_mom_boyfriend_portuguese_126292_de_vp14_ago_387066  <entry2> <artistName>  Muse  <trackName>  Coma,0.625
396.0,<entry1>  co_fb_co9_mom_boyfriend_portuguese_126292_de_vp14_ago_387066  <entry2> <artistName>  Boef  <trackName>  SVP,0.25
397.0,<entry1>  co_fb_co9_mom_boyfriend_spanish_81649_de_vp1_389860  <entry2> <artistName>  BOY  <trackName>  Mutual Friends,0.215
398.0,<entry1>  co_fb_co9_mom_boyfriend_spanish_81649_de_vp1_389860  <entry2> <artistName>  SANNI  <trackName>  Sanni,0.3
399.0,<entry1>  co_fb_co9_mom_boyfriend_spanish_81649_de_vp1_389860  <entry2> <artistName>  Wind  <trackName>  Frei,0.625
400.0,<entry1>  co_fb_co9_mom_boyfriend_spanish_81649_de_vp1_389860  <entry2> <artistName>  BOY  <trackName>  Fear,0.125
401.0,<entry1>  co_fb_co9_mom_boyfriend_spanish_81649_de_vp1_389860  <entry2> <artistName>  BOY  <trackName>  L'ombre de ses pas,0.25
402.0,<entry1>  co_fb_co9_mom_boyfriend_spanish_81649_de_vp1_389860  <entry2> <artistName>  BOY  <trackName>  Skin,0.25
403.0,<entry1>  co_fb_co9_mom_boyfriend_spanish_81649_de_vp1_389860  <entry2> <artistName>  YANS  <trackName>  SAN,0.0
404.0,<entry1>  co_fb_co9_mom_boyfriend_spanish_81649_de_vp1_389860  <entry2> <artistName>  SANNI  <trackName>  Masis,0.3
405.0,<entry1>  co_fb_co9_mom_boyfriend_spanish_81649_de_vp1_389860  <entry2> <artistName>  Paris  <trackName>  NIGHT,0.2
406.0,<entry1>  co_fb_co9_mom_boyfriend_spanish_81649_de_vp1_389860  <entry2> <artistName>  BOY  <trackName>  Drive Darling,0.19
408.0,<entry1>  [Indonesia] WrAR - Johnny Stimson - Material Things [Clicks] - P1 - R - 0062L00000VIrjPQAT  <entry2> <artistName>  RA  <trackName>  Hong,0.5
410.0,<entry1>  [Indonesia] WrAR - Johnny Stimson - Material Things [Clicks] - P1 - R - 0062L00000VIrjPQAT  <entry2> <artistName>  RA  <trackName>  Arrival,0.5349999999999999
412.0,<entry1>  [Indonesia] WrAR - Johnny Stimson - Material Things [Clicks] - P1 - R - 0062L00000VIrjPQAT  <entry2> <artistName>  Sia  <trackName>  Max's Things,0.67
413.0,<entry1>  [Indonesia] WrAR - Johnny Stimson - Material Things [Clicks] - P1 - R - 0062L00000VIrjPQAT  <entry2> <artistName>  Tismo  <trackName>  Clikos,0.615
414.0,<entry1>  [Indonesia] WrAR - Johnny Stimson - Material Things [Clicks] - P1 - R - 0062L00000VIrjPQAT  <entry2> <artistName>  Sia  <trackName>  Pin Drop,0.525
415.0,<entry1>  [Indonesia] WrAR - Johnny Stimson - Material Things [Clicks] - P1 - R - 0062L00000VIrjPQAT  <entry2> <artistName>  Sia  <trackName>  Storm,0.635
416.0,<entry1>  [Indonesia] WrAR - Johnny Stimson - Material Things [Clicks] - P1 - R - 0062L00000VIrjPQAT  <entry2> <artistName>  Sia  <trackName>  Dunes,0.635
418.0,<entry1>  [Thailand] WrAR - Johnny Stimson - Material Things [Clicks] - P1 - R - 0062L00000VIrjPQAT  <entry2> <artistName>  RA  <trackName>  Hong,0.5
419.0,<entry1>  [Thailand] WrAR - Johnny Stimson - Material Things [Clicks] - P1 - R - 0062L00000VIrjPQAT  <entry2> <artistName>  RA  <trackName>  Arrival,0.5349999999999999
423.0,<entry1>  [Thailand] WrAR - Johnny Stimson - Material Things [Clicks] - P1 - R - 0062L00000VIrjPQAT  <entry2> <artistName>  RA  <trackName>  Opium Sonata,0.5
424.0,"<entry1>  [Thailand] WrAR - Johnny Stimson - Material Things [Clicks] - P1 - R - 0062L00000VIrjPQAT  <entry2> <artistName>  Diana Kovaľová, Martin Schreiner, Giovanni Ricci, Julia Kramárová, Timotej Májský, Lucie Bikárová, Dominika Lukešová, Michal Šafrata, Esther Lubadika, Barbora Piešová  <trackName>  Tancis sama",0.27
425.0,"<entry1>  [Thailand] WrAR - Johnny Stimson - Material Things [Clicks] - P1 - R - 0062L00000VIrjPQAT  <entry2> <artistName>  Diana Kovaľová, Martin Schreiner, Giovanni Ricci, Julia Kramárová, Timotej Májský, Lucie Bikárová, Dominika Lukešová, Michal Šafrata, Esther Lubadika, Barbora Piešová  <trackName>  Say Something",0.32
426.0,<entry1>  [Thailand] WrAR - Johnny Stimson - Material Things [Clicks] - P1 - R - 0062L00000VIrjPQAT  <entry2> <artistName>  Act  <trackName>  Poison,0.5
428.0,<entry1>  [Philippines] WrAR - Johnny Stimson - Material Things [Clicks] - P1 - R - 0062L00000VIrjPQAT  <entry2> <artistName>  RA  <trackName>  Hong,0.5
429.0,<entry1>  [Philippines] WrAR - Johnny Stimson - Material Things [Clicks] - P1 - R - 0062L00000VIrjPQAT  <entry2> <artistName>  RA  <trackName>  Arrival,0.5349999999999999
433.0,<entry1>  [Philippines] WrAR - Johnny Stimson - Material Things [Clicks] - P1 - R - 0062L00000VIrjPQAT  <entry2> <artistName>  ATB  <trackName>  Time,0.65
435.0,<entry1>  [Philippines] WrAR - Johnny Stimson - Material Things [Clicks] - P1 - R - 0062L00000VIrjPQAT  <entry2> <artistName>  RA  <trackName>  Opium Sonata,0.5
436.0,<entry1>  [Philippines] WrAR - Johnny Stimson - Material Things [Clicks] - P1 - R - 0062L00000VIrjPQAT  <entry2> <artistName>  Ri  <trackName>  Highlife,0.5
440.0,<entry1>  [Malaysia] WrAR - Johnny Stimson - Material Things [Clicks] - P1 - R - 0062L00000VIrjPQAT  <entry2> <artistName>  RA  <trackName>  Hong,0.5
441.0,<entry1>  [Malaysia] WrAR - Johnny Stimson - Material Things [Clicks] - P1 - R - 0062L00000VIrjPQAT  <entry2> <artistName>  RA  <trackName>  Arrival,0.5349999999999999
443.0,<entry1>  [Malaysia] WrAR - Johnny Stimson - Material Things [Clicks] - P1 - R - 0062L00000VIrjPQAT  <entry2> <artistName>  Sia  <trackName>  Max's Things,0.67
444.0,<entry1>  [Malaysia] WrAR - Johnny Stimson - Material Things [Clicks] - P1 - R - 0062L00000VIrjPQAT  <entry2> <artistName>  Mala  <trackName>  One,0.665
445.0,<entry1>  [Malaysia] WrAR - Johnny Stimson - Material Things [Clicks] - P1 - R - 0062L00000VIrjPQAT  <entry2> <artistName>  Sia  <trackName>  Lab,0.5
448.0,<entry1>  DOM_Pam_doyouever_ppe-linkfire_11Nov2021  <entry2> <artistName>  Pépe  <trackName>  Never,0.65
449.0,<entry1>  DOM_Pam_doyouever_ppe-linkfire_11Nov2021  <entry2> <artistName>  VERA  <trackName>  Fine,0.25
451.0,<entry1>  DOM_Pam_doyouever_ppe-linkfire_11Nov2021  <entry2> <artistName>  Pépe  <trackName>  Ryo,0.585
452.0,<entry1>  DOM_Pam_doyouever_ppe-linkfire_11Nov2021  <entry2> <artistName>  Pépe  <trackName>  Noa,0.585
453.0,<entry1>  DOM_Pam_doyouever_ppe-linkfire_11Nov2021  <entry2> <artistName>  210  <trackName>  Prom,0.65
454.0,<entry1>  DOM_Pam_doyouever_ppe-linkfire_11Nov2021  <entry2> <artistName>  Pépe  <trackName>  Blank,0.55
455.0,<entry1>  DOM_Pam_doyouever_ppe-linkfire_11Nov2021  <entry2> <artistName>  Dio  <trackName>  Discovery,0.385
456.0,<entry1>  DOM_Pam_doyouever_ppe-linkfire_11Nov2021  <entry2> <artistName>  Ire  <trackName>  Estado Mental,0.49
457.0,<entry1>  WMTH_dark post TH SMOTW out now_conversion_fb/ig  <entry2> <artistName>  ION  <trackName>  GO,0.41500000000000004
458.0,<entry1>  WMTH_dark post TH SMOTW out now_conversion_fb/ig  <entry2> <artistName>  Sio  <trackName>  gut,0.67
460.0,<entry1>  WMTH_dark post TH SMOTW out now_conversion_fb/ig  <entry2> <artistName>  RK  <trackName>  Euros,0.2
461.0,<entry1>  WMTH_dark post TH SMOTW out now_conversion_fb/ig  <entry2> <artistName>  Sio  <trackName>  encounter,0.615
462.0,<entry1>  WMTH_dark post TH SMOTW out now_conversion_fb/ig  <entry2> <artistName>  The S  <trackName>  Go,0.55
463.0,<entry1>  WMTH_dark post TH SMOTW out now_conversion_fb/ig  <entry2> <artistName>  Dark0  <trackName>  The Past,0.49
464.0,<entry1>  WMTH_dark post TH SMOTW out now_conversion_fb/ig  <entry2> <artistName>  Dark0  <trackName>  Abrasion,0.61
465.0,<entry1>  WMTH_dark post TH SMOTW out now_conversion_fb/ig  <entry2> <artistName>  Riton  <trackName>  The Same,0.39
466.0,<entry1>  WMTH_dark post TH SMOTW out now_conversion_fb/ig  <entry2> <artistName>  Sio  <trackName>  unmet,0.535
467.0,<entry1>  DOM_Pam_doyouever_traffic-linkfire_11Nov2021  <entry2> <artistName>  Raf  <trackName>  Eva,0.5
468.0,<entry1>  DOM_Pam_doyouever_traffic-linkfire_11Nov2021  <entry2> <artistName>  Raf  <trackName>  Due,0.67
470.0,<entry1>  DOM_Pam_doyouever_traffic-linkfire_11Nov2021  <entry2> <artistName>  RA  <trackName>  Dolph,0.1
471.0,<entry1>  DOM_Pam_doyouever_traffic-linkfire_11Nov2021  <entry2> <artistName>  VERA  <trackName>  Fine,0.25
473.0,<entry1>  DOM_Pam_doyouever_traffic-linkfire_11Nov2021  <entry2> <artistName>  Calin  <trackName>  Med,0.46499999999999997
474.0,<entry1>  DOM_Pam_doyouever_traffic-linkfire_11Nov2021  <entry2> <artistName>  Raf  <trackName>  Ti amo,0.585
475.0,<entry1>  DOM_Pam_doyouever_traffic-linkfire_11Nov2021  <entry2> <artistName>  RA  <trackName>  Vega,0.125
476.0,<entry1>  DOM_Pam_doyouever_traffic-linkfire_11Nov2021  <entry2> <artistName>  RA  <trackName>  Bolo,0.25
477.0,<entry1>  ParceraFB_WM_9Nov  <entry2> <artistName>  PAX  <trackName>  Panacea,0.52
478.0,<entry1>  ParceraFB_WM_9Nov  <entry2> <artistName>  Pekar  <trackName>  Pekar,0.6
479.0,<entry1>  ParceraFB_WM_9Nov  <entry2> <artistName>  Raf  <trackName>  Eva,0.365
480.0,<entry1>  ParceraFB_WM_9Nov  <entry2> <artistName>  Arce  <trackName>  Amén,0.375
481.0,<entry1>  ParceraFB_WM_9Nov  <entry2> <artistName>  Patrice  <trackName>  Faces,0.655
482.0,<entry1>  ParceraFB_WM_9Nov  <entry2> <artistName>  AREZRA  <trackName>  Dream,0.3
483.0,<entry1>  ParceraFB_WM_9Nov  <entry2> <artistName>  Face  <trackName>  Cry,0.54
484.0,<entry1>  ParceraFB_WM_9Nov  <entry2> <artistName>  Pilar  <trackName>  Princesa,0.61
485.0,<entry1>  ParceraFB_WM_9Nov  <entry2> <artistName>  Cher  <trackName>  Red,0.41500000000000004
486.0,<entry1>  ParceraFB_WM_9Nov  <entry2> <artistName>  FACE  <trackName>  Cry,0.29000000000000004
487.0,<entry1>  AYAMOR_IGNUEVA_10Nov  <entry2> <artistName>  Nue  <trackName>  4AM,0.5
488.0,<entry1>  AYAMOR_IGNUEVA_10Nov  <entry2> <artistName>  AMOR  <trackName>  Jy Is,0.6
489.0,<entry1>  AYAMOR_IGNUEVA_10Nov  <entry2> <artistName>  XAY  <trackName>  Ring,0.46
490.0,<entry1>  AYAMOR_IGNUEVA_10Nov  <entry2> <artistName>  ZAYA  <trackName>  Lady,0.375
491.0,<entry1>  AYAMOR_IGNUEVA_10Nov  <entry2> <artistName>  Novi  <trackName>  Daydream,0.43
492.0,<entry1>  AYAMOR_IGNUEVA_10Nov  <entry2> <artistName>  XAY  <trackName>  ATM,0.67
493.0,<entry1>  AYAMOR_IGNUEVA_10Nov  <entry2> <artistName>  JAYA  <trackName>  Maria,0.475
494.0,<entry1>  AYAMOR_IGNUEVA_10Nov  <entry2> <artistName>  Nue  <trackName>  Say nothing,0.22
495.0,<entry1>  AYAMOR_IGNUEVA_10Nov  <entry2> <artistName>  Nue  <trackName>  Easy Call,0.22
496.0,<entry1>  AYAMOR_IGNUEVA_10Nov  <entry2> <artistName>  AMOR  <trackName>  At Your Side,0.585
497.0,<entry1>  AYAMOR_STNUEVA_10nov  <entry2> <artistName>  Nue  <trackName>  4AM,0.5
498.0,<entry1>  AYAMOR_STNUEVA_10nov  <entry2> <artistName>  AMOR  <trackName>  Jy Is,0.5
499.0,<entry1>  AYAMOR_STNUEVA_10nov  <entry2> <artistName>  ZAYA  <trackName>  Lady,0.375
500.0,<entry1>  AYAMOR_STNUEVA_10nov  <entry2> <artistName>  Novi  <trackName>  Daydream,0.285
501.0,<entry1>  AYAMOR_STNUEVA_10nov  <entry2> <artistName>  XAY  <trackName>  ATM,0.5
502.0,<entry1>  AYAMOR_STNUEVA_10nov  <entry2> <artistName>  Nue  <trackName>  Easy Call,0.22
503.0,<entry1>  AYAMOR_STNUEVA_10nov  <entry2> <artistName>  AMOR  <trackName>  At Your Side,0.625
504.0,<entry1>  AYAMOR_STNUEVA_10nov  <entry2> <artistName>  Nue  <trackName>  Dreamcast,0.165
505.0,<entry1>  AYAMOR_STNUEVA_10nov  <entry2> <artistName>  STN  <trackName>  Dream,0.5
506.0,<entry1>  AYAMOR_STNUEVA_10nov  <entry2> <artistName>  YA  <trackName>  One Mic Freestyle,0.56
507.0,<entry1>  ParceraIG_WM_9Nov  <entry2> <artistName>  Rai  <trackName>  Pablo,0.365
508.0,<entry1>  ParceraIG_WM_9Nov  <entry2> <artistName>  PAX  <trackName>  Panacea,0.52
509.0,<entry1>  ParceraIG_WM_9Nov  <entry2> <artistName>  Arce  <trackName>  Amén,0.375
510.0,<entry1>  ParceraIG_WM_9Nov  <entry2> <artistName>  RA  <trackName>  Vega,0.25
511.0,<entry1>  ParceraIG_WM_9Nov  <entry2> <artistName>  RA  <trackName>  Rocker's Mill,0.155
512.0,<entry1>  ParceraIG_WM_9Nov  <entry2> <artistName>  AREZRA  <trackName>  Dream,0.3
513.0,<entry1>  ParceraIG_WM_9Nov  <entry2> <artistName>  Patrice  <trackName>  Faces,0.655
514.0,<entry1>  ParceraIG_WM_9Nov  <entry2> <artistName>  Face  <trackName>  Cry,0.54
515.0,<entry1>  ParceraIG_WM_9Nov  <entry2> <artistName>  RaiM  <trackName>  Nlo,0.46
516.0,<entry1>  ParceraIG_WM_9Nov  <entry2> <artistName>  Raim  <trackName>  Nlo,0.46
517.0,<entry1>  Rhno - The Replacements - Sorry Ma [eCom] - P1 [Sale] - 0062L00000VGVe3QAH - USA  <entry2> <artistName>  Ace  <trackName>  So Sorry Baby,0.645
519.0,<entry1>  Rhno - The Replacements - Sorry Ma [eCom] - P1 [Sale] - 0062L00000VGVe3QAH - USA  <entry2> <artistName>  Ace  <trackName>  The Real Thing,0.62
520.0,<entry1>  Rhno - The Replacements - Sorry Ma [eCom] - P1 [Sale] - 0062L00000VGVe3QAH - USA  <entry2> <artistName>  Sia  <trackName>  Space,0.5650000000000001
522.0,<entry1>  Rhno - The Replacements - Sorry Ma [eCom] - P1 [Sale] - 0062L00000VGVe3QAH - USA  <entry2> <artistName>  Ace  <trackName>  Let's Hang On,0.525
523.0,<entry1>  Rhno - The Replacements - Sorry Ma [eCom] - P1 [Sale] - 0062L00000VGVe3QAH - USA  <entry2> <artistName>  Sia  <trackName>  Lab,0.33
524.0,<entry1>  Rhno - The Replacements - Sorry Ma [eCom] - P1 [Sale] - 0062L00000VGVe3QAH - USA  <entry2> <artistName>  Sia  <trackName>  The Ocean,0.5
525.0,<entry1>  Rhno - The Replacements - Sorry Ma [eCom] - P1 [Sale] - 0062L00000VGVe3QAH - USA  <entry2> <artistName>  Sia  <trackName>  The Black Manta,0.46499999999999997
526.0,<entry1>  Rhno - The Replacements - Sorry Ma [eCom] - P1 [Sale] - 0062L00000VGVe3QAH - USA  <entry2> <artistName>  Sia  <trackName>  Fausta,0.25
529.0,<entry1>  Atln - flowerkid - everyone has a breaking point EP - P1 - R - 0062L00000WCkECQA1 [FB/IG][USA]  <entry2> <artistName>  Low  <trackName>  Step,0.48
530.0,<entry1>  Atln - flowerkid - everyone has a breaking point EP - P1 - R - 0062L00000WCkECQA1 [FB/IG][USA]  <entry2> <artistName>  Low  <trackName>  Breaker,0.62
531.0,<entry1>  Atln - flowerkid - everyone has a breaking point EP - P1 - R - 0062L00000WCkECQA1 [FB/IG][USA]  <entry2> <artistName>  Low  <trackName>  Hey,0.67
532.0,<entry1>  Atln - flowerkid - everyone has a breaking point EP - P1 - R - 0062L00000WCkECQA1 [FB/IG][USA]  <entry2> <artistName>  Low  <trackName>  $20,0.585
533.0,<entry1>  Atln - flowerkid - everyone has a breaking point EP - P1 - R - 0062L00000WCkECQA1 [FB/IG][USA]  <entry2> <artistName>  One  <trackName>  Embracing,0.67
534.0,<entry1>  Atln - flowerkid - everyone has a breaking point EP - P1 - R - 0062L00000WCkECQA1 [FB/IG][USA]  <entry2> <artistName>  KPoint  <trackName>  La R,0.585
535.0,<entry1>  Atln - flowerkid - everyone has a breaking point EP - P1 - R - 0062L00000WCkECQA1 [FB/IG][USA]  <entry2> <artistName>  Verona  <trackName>  Klid,0.585
536.0,<entry1>  Atln - flowerkid - everyone has a breaking point EP - P1 - R - 0062L00000WCkECQA1 [FB/IG][USA]  <entry2> <artistName>  Kpoint  <trackName>  La R,0.665
540.0,<entry1>  Atln - flowerkid - everyone has a breaking point EP - P1 - R - 0062L00000WCkECQA1 [IG Reels/IG Stories][USA]  <entry2> <artistName>  Low  <trackName>  Step,0.585
541.0,<entry1>  Atln - flowerkid - everyone has a breaking point EP - P1 - R - 0062L00000WCkECQA1 [IG Reels/IG Stories][USA]  <entry2> <artistName>  Low  <trackName>  Breaker,0.62
542.0,<entry1>  Atln - flowerkid - everyone has a breaking point EP - P1 - R - 0062L00000WCkECQA1 [IG Reels/IG Stories][USA]  <entry2> <artistName>  Low  <trackName>  $20,0.585
543.0,<entry1>  Atln - flowerkid - everyone has a breaking point EP - P1 - R - 0062L00000WCkECQA1 [IG Reels/IG Stories][USA]  <entry2> <artistName>  Low  <trackName>  Hey,0.67
544.0,<entry1>  Atln - flowerkid - everyone has a breaking point EP - P1 - R - 0062L00000WCkECQA1 [IG Reels/IG Stories][USA]  <entry2> <artistName>  One  <trackName>  Embracing,0.67
545.0,<entry1>  Atln - flowerkid - everyone has a breaking point EP - P1 - R - 0062L00000WCkECQA1 [IG Reels/IG Stories][USA]  <entry2> <artistName>  Verona  <trackName>  Klid,0.585
546.0,<entry1>  Atln - flowerkid - everyone has a breaking point EP - P1 - R - 0062L00000WCkECQA1 [IG Reels/IG Stories][USA]  <entry2> <artistName>  KPoint  <trackName>  La R,0.585
547.0,<entry1>  Atlantic: Q4 2021 Always On - Trey Songz  <entry2> <artistName>  Trey Songz  <trackName>  GLA,0.665
548.0,<entry1>  Atlantic: Q4 2021 Always On - Trey Songz  <entry2> <artistName>  Guz  <trackName>  Fat,0.5
553.0,<entry1>  Atlantic: Q4 2021 Always On - Trey Songz  <entry2> <artistName>  Galantis  <trackName>  Tank,0.56
556.0,<entry1>  Atlantic: Q4 2021 Always On - Trey Songz  <entry2> <artistName>  ATB  <trackName>  Red Sun,0.44999999999999996
558.0,<entry1>  ADA - Anderson .Paak - Bubblin [Silk Sonic Spend] - P1 - R - 0062L00000WCfV9QAL [United States]  <entry2> <artistName>  Adam  <trackName>  Dusta,0.325
559.0,<entry1>  ADA - Anderson .Paak - Bubblin [Silk Sonic Spend] - P1 - R - 0062L00000WCfV9QAL [United States]  <entry2> <artistName>  V9  <trackName>  KND,0.665
563.0,<entry1>  ADA - Anderson .Paak - Bubblin [Silk Sonic Spend] - P1 - R - 0062L00000WCfV9QAL [United States]  <entry2> <artistName>  Anderson .Paak  <trackName>  Yada Yada,0.665
564.0,<entry1>  ADA - Anderson .Paak - Bubblin [Silk Sonic Spend] - P1 - R - 0062L00000WCfV9QAL [United States]  <entry2> <artistName>  Adz  <trackName>  Adapt,0.365
567.0,<entry1>  CA / Black Friday Merch / 2617 / PO67889  <entry2> <artistName>  Ay Em  <trackName>  LA,0.45
568.0,<entry1>  CA / Black Friday Merch / 2617 / PO67889  <entry2> <artistName>  BlackRain  <trackName>  Fade To Black,0.605
569.0,<entry1>  CA / Black Friday Merch / 2617 / PO67889  <entry2> <artistName>  Blake  <trackName>  Back To Back,0.65
570.0,<entry1>  CA / Black Friday Merch / 2617 / PO67889  <entry2> <artistName>  FRIDAY  <trackName>  21,0.335
572.0,<entry1>  CA / Black Friday Merch / 2617 / PO67889  <entry2> <artistName>  Cilla Black  <trackName>  Daydreamer,0.52
573.0,<entry1>  CA / Black Friday Merch / 2617 / PO67889  <entry2> <artistName>  BlackRain  <trackName>  Carol,0.43500000000000005
574.0,<entry1>  CA / Black Friday Merch / 2617 / PO67889  <entry2> <artistName>  Ri  <trackName>  Moja braća,0.35
575.0,<entry1>  CA / Black Friday Merch / 2617 / PO67889  <entry2> <artistName>  FRIDAY  <trackName>  All My Life,0.22000000000000003
576.0,<entry1>  CA / Black Friday Merch / 2617 / PO67889  <entry2> <artistName>  Ay Em  <trackName>  Ay Em To PM,0.38
577.0,<entry1>  CA / Festival Gig Guide / 2618 / PO67889  <entry2> <artistName>  Timal  <trackName>  Timal,0.6
578.0,<entry1>  CA / Festival Gig Guide / 2618 / PO67889  <entry2> <artistName>  STIG  <trackName>  Siva,0.5
579.0,<entry1>  CA / Festival Gig Guide / 2618 / PO67889  <entry2> <artistName>  Timal  <trackName>  Lyca,0.425
581.0,<entry1>  CA / Festival Gig Guide / 2618 / PO67889  <entry2> <artistName>  Feist  <trackName>  I Grieve,0.65
582.0,<entry1>  CA / Festival Gig Guide / 2618 / PO67889  <entry2> <artistName>  Idea  <trackName>  Signal,0.41500000000000004
583.0,<entry1>  CA / Festival Gig Guide / 2618 / PO67889  <entry2> <artistName>  Feist  <trackName>  Steam,0.6000000000000001
584.0,<entry1>  CA / Festival Gig Guide / 2618 / PO67889  <entry2> <artistName>  Feist  <trackName>  GA GA,0.6000000000000001
585.0,<entry1>  CA / Festival Gig Guide / 2618 / PO67889  <entry2> <artistName>  Feist  <trackName>  Start,0.6000000000000001
586.0,<entry1>  CA / Festival Gig Guide / 2618 / PO67889  <entry2> <artistName>  Felt  <trackName>  Be Still,0.5
587.0,<entry1>  WMA / Modern Xmas songs / 2619 / PO67889  <entry2> <artistName>  Moev  <trackName>  Smog,0.625
588.0,<entry1>  WMA / Modern Xmas songs / 2619 / PO67889  <entry2> <artistName>  Modern Maps  <trackName>  On My Own,0.575
589.0,<entry1>  WMA / Modern Xmas songs / 2619 / PO67889  <entry2> <artistName>  RY X  <trackName>  Sun,0.41500000000000004
590.0,<entry1>  WMA / Modern Xmas songs / 2619 / PO67889  <entry2> <artistName>  RY X  <trackName>  Coven,0.55
591.0,<entry1>  WMA / Modern Xmas songs / 2619 / PO67889  <entry2> <artistName>  ODE  <trackName>  Ei tunnu missään,0.32
592.0,<entry1>  WMA / Modern Xmas songs / 2619 / PO67889  <entry2> <artistName>  Ode  <trackName>  Ei tunnu missään,0.49
593.0,<entry1>  WMA / Modern Xmas songs / 2619 / PO67889  <entry2> <artistName>  Moler  <trackName>  What A Shame,0.5650000000000001
594.0,<entry1>  WMA / Modern Xmas songs / 2619 / PO67889  <entry2> <artistName>  Modern Maps  <trackName>  Ahold Of Me,0.635
595.0,<entry1>  WMA / Modern Xmas songs / 2619 / PO67889  <entry2> <artistName>  Moler  <trackName>  Golden Sounds,0.63
596.0,<entry1>  WMA / Modern Xmas songs / 2619 / PO67889  <entry2> <artistName>  Soen  <trackName>  Modesty,0.5349999999999999
597.0,<entry1>  HI - VD - James Blunt - Pre-order - BE:PO546635  <entry2> <artistName>  James Blunt  <trackName>  High,0.625
602.0,<entry1>  HI - VD - James Blunt - Pre-order - BE:PO546635  <entry2> <artistName>  James Blunt  <trackName>  Shine On,0.625
603.0,<entry1>  HI - VD - James Blunt - Pre-order - BE:PO546635  <entry2> <artistName>  James  <trackName>  Overdose,0.625
611.0,<entry1>  HI - VD - Zaz - FTW Kinepolis - BE:PO547116  <entry2> <artistName>  Pole  <trackName>  Heim,0.375
612.0,<entry1>  HI - VD - Zaz - FTW Kinepolis - BE:PO547116  <entry2> <artistName>  KING  <trackName>  Police,0.375
614.0,<entry1>  HI - VD - Zaz - FTW Kinepolis - BE:PO547116  <entry2> <artistName>  Plies  <trackName>  Bipolar,0.585
616.0,<entry1>  HI - VD - Zaz - FTW Kinepolis - BE:PO547116  <entry2> <artistName>  Zaz  <trackName>  Nous debout,0.635
618.0,<entry1>  Atln - GAYLE - Abcdefu [Pt. 2] (Phase 2 - iTunes) [IG Reels] - P2 - R - 0062L00000WCn3qQAD [United States]  <entry2> <artistName>  Eels  <trackName>  End Times,0.595
623.0,<entry1>  Atln - GAYLE - Abcdefu [Pt. 2] (Phase 2 - iTunes) [IG Reels] - P2 - R - 0062L00000WCn3qQAD [United States]  <entry2> <artistName>  Eels  <trackName>  Dust of Ages,0.54
624.0,<entry1>  Atln - GAYLE - Abcdefu [Pt. 2] (Phase 2 - iTunes) [IG Reels] - P2 - R - 0062L00000WCn3qQAD [United States]  <entry2> <artistName>  ATB  <trackName>  Restart,0.44999999999999996
625.0,<entry1>  Atln - GAYLE - Abcdefu [Pt. 2] (Phase 2 - iTunes) [IG Reels] - P2 - R - 0062L00000WCn3qQAD [United States]  <entry2> <artistName>  ABC  <trackName>  Tin Pan Alley,0.32
626.0,<entry1>  Atln - GAYLE - Abcdefu [Pt. 2] (Phase 2 - iTunes) [IG Reels] - P2 - R - 0062L00000WCn3qQAD [United States]  <entry2> <artistName>  ABC  <trackName>  Na sianie,0.385
635.0,<entry1>  Atln - GAYLE - Abcdefu [Pt. 2] (Phase 2 - iTunes) [FB/IG/IGS] - P2 - R - 0062L00000WCn3qQAD [United States]  <entry2> <artistName>  ATB  <trackName>  Restart,0.44999999999999996
636.0,<entry1>  Atln - GAYLE - Abcdefu [Pt. 2] (Phase 2 - iTunes) [FB/IG/IGS] - P2 - R - 0062L00000WCn3qQAD [United States]  <entry2> <artistName>  ABC  <trackName>  Tin Pan Alley,0.32
637.0,<entry1>  [INTL] HONNE DRAWING WITH  <entry2> <artistName>  RA  <trackName>  Hong,0.625
638.0,<entry1>  [INTL] HONNE DRAWING WITH  <entry2> <artistName>  Brain  <trackName>  Brain,0.0
639.0,<entry1>  [INTL] HONNE DRAWING WITH  <entry2> <artistName>  Angel Witch  <trackName>  Angel Witch,0.29
640.0,<entry1>  [INTL] HONNE DRAWING WITH  <entry2> <artistName>  HONNE  <trackName>  I Might,0.645
641.0,<entry1>  [INTL] HONNE DRAWING WITH  <entry2> <artistName>  HONNE  <trackName>  no song without you (Kornél Kovács Remix),0.565
642.0,<entry1>  [INTL] HONNE DRAWING WITH  <entry2> <artistName>  HONNE  <trackName>  no song without you (Kornel Kovacs Remix),0.565
643.0,<entry1>  [INTL] HONNE DRAWING WITH  <entry2> <artistName>  HONNE  <trackName>  no song without you (Cosmo's Midnight Remix),0.565
644.0,<entry1>  [INTL] HONNE DRAWING WITH  <entry2> <artistName>  Angel Witch  <trackName>  White Witch,0.295
645.0,<entry1>  [INTL] HONNE DRAWING WITH  <entry2> <artistName>  HONNE  <trackName>  no song without you,0.58
646.0,<entry1>  [INTL] HONNE DRAWING WITH  <entry2> <artistName>  HONNE  <trackName>  Didn't I,0.625
647.0,<entry1>  PL Noel Jazz - Phase 2 - 7k€ - BDC - 111121 - Trafic  <entry2> <artistName>  BDC  <trackName>  Fine,0.645
648.0,<entry1>  PL Noel Jazz - Phase 2 - 7k€ - BDC - 111121 - Trafic  <entry2> <artistName>  Raf  <trackName>  Self Control,0.46
649.0,<entry1>  PL Noel Jazz - Phase 2 - 7k€ - BDC - 111121 - Trafic  <entry2> <artistName>  Raf  <trackName>  Tu,0.585
650.0,<entry1>  PL Noel Jazz - Phase 2 - 7k€ - BDC - 111121 - Trafic  <entry2> <artistName>  RA  <trackName>  Bolo,0.125
651.0,<entry1>  PL Noel Jazz - Phase 2 - 7k€ - BDC - 111121 - Trafic  <entry2> <artistName>  RA  <trackName>  Happy New Year,0.18
652.0,<entry1>  PL Noel Jazz - Phase 2 - 7k€ - BDC - 111121 - Trafic  <entry2> <artistName>  Raf  <trackName>  Notte rosa,0.585
653.0,<entry1>  PL Noel Jazz - Phase 2 - 7k€ - BDC - 111121 - Trafic  <entry2> <artistName>  Enol  <trackName>  Pero No,0.5349999999999999
654.0,<entry1>  PL Noel Jazz - Phase 2 - 7k€ - BDC - 111121 - Trafic  <entry2> <artistName>  RaiM  <trackName>  Nlo,0.585
655.0,<entry1>  PL Noel Jazz - Phase 2 - 7k€ - BDC - 111121 - Trafic  <entry2> <artistName>  RaiM  <trackName>  Sen,0.41500000000000004
656.0,<entry1>  PL Noel Jazz - Phase 2 - 7k€ - BDC - 111121 - Trafic  <entry2> <artistName>  RaiM  <trackName>  Jol,0.41500000000000004
657.0,<entry1>  JC Stewart - Awareness video  <entry2> <artistName>  WAR  <trackName>  Angel,0.365
659.0,<entry1>  JC Stewart - Awareness video  <entry2> <artistName>  War  <trackName>  Angel,0.535
660.0,<entry1>  JC Stewart - Awareness video  <entry2> <artistName>  War  <trackName>  Homeless Hero,0.615
661.0,<entry1>  JC Stewart - Awareness video  <entry2> <artistName>  WAR  <trackName>  Homeless Hero,0.44500000000000006
662.0,<entry1>  JC Stewart - Awareness video  <entry2> <artistName>  War  <trackName>  Happiness,0.615
663.0,<entry1>  JC Stewart - Awareness video  <entry2> <artistName>  WAR  <trackName>  Happiness,0.44500000000000006
664.0,<entry1>  JC Stewart - Awareness video  <entry2> <artistName>  War  <trackName>  Vibeka,0.515
665.0,<entry1>  JC Stewart - Awareness video  <entry2> <artistName>  WAR  <trackName>  Vibeka,0.345
667.0,<entry1>  Silk Sonic Smokin Out The Window  <entry2> <artistName>  SIL  <trackName>  Windows,0.625
669.0,<entry1>  Silk Sonic Smokin Out The Window  <entry2> <artistName>  KSI  <trackName>  ok,0.665
671.0,<entry1>  Silk Sonic Smokin Out The Window  <entry2> <artistName>  SIL  <trackName>  Dirty Windows,0.485
673.0,<entry1>  Silk Sonic Smokin Out The Window  <entry2> <artistName>  The Hi  <trackName>  I O U,0.615
676.0,<entry1>  Silk Sonic Smokin Out The Window  <entry2> <artistName>  KSI  <trackName>  idk,0.5
678.0,<entry1>  Warner Music Canada: Charmaine - Bad Mentality (Canada)  <entry2> <artistName>  TAL  <trackName>  War,0.5
680.0,<entry1>  Warner Music Canada: Charmaine - Bad Mentality (Canada)  <entry2> <artistName>  WAR  <trackName>  The MUSIC BAND,0.345
681.0,<entry1>  Warner Music Canada: Charmaine - Bad Mentality (Canada)  <entry2> <artistName>  TAL  <trackName>  ADN,0.0
682.0,<entry1>  Warner Music Canada: Charmaine - Bad Mentality (Canada)  <entry2> <artistName>  WAR  <trackName>  War,0.665
684.0,<entry1>  Warner Music Canada: Charmaine - Bad Mentality (Canada)  <entry2> <artistName>  Tal  <trackName>  Carlyne,0.62
685.0,<entry1>  Warner Music Canada: Charmaine - Bad Mentality (Canada)  <entry2> <artistName>  Tal  <trackName>  ADN,0.335
686.0,<entry1>  Warner Music Canada: Charmaine - Bad Mentality (Canada)  <entry2> <artistName>  TAL  <trackName>  Carlyne,0.285
689.0,<entry1>  WrNa - Dan + Shay - Pick Out A Christmas Tree [Amazon Music] + Officially Christmas - P1 - R - 0062L00000WC8iZQAT  <entry2> <artistName>  Master  <trackName>  Master,0.5
690.0,<entry1>  WrNa - Dan + Shay - Pick Out A Christmas Tree [Amazon Music] + Officially Christmas - P1 - R - 0062L00000WC8iZQAT  <entry2> <artistName>  War  <trackName>  War,0.67
691.0,<entry1>  WrNa - Dan + Shay - Pick Out A Christmas Tree [Amazon Music] + Officially Christmas - P1 - R - 0062L00000WC8iZQAT  <entry2> <artistName>  WAR  <trackName>  War,0.5
692.0,<entry1>  WrNa - Dan + Shay - Pick Out A Christmas Tree [Amazon Music] + Officially Christmas - P1 - R - 0062L00000WC8iZQAT  <entry2> <artistName>  Vistas  <trackName>  Calm,0.665
693.0,<entry1>  WrNa - Dan + Shay - Pick Out A Christmas Tree [Amazon Music] + Officially Christmas - P1 - R - 0062L00000WC8iZQAT  <entry2> <artistName>  Mason  <trackName>  Ramz,0.425
694.0,<entry1>  WrNa - Dan + Shay - Pick Out A Christmas Tree [Amazon Music] + Officially Christmas - P1 - R - 0062L00000WC8iZQAT  <entry2> <artistName>  ATMO Music  <trackName>  Fama,0.55
695.0,<entry1>  WrNa - Dan + Shay - Pick Out A Christmas Tree [Amazon Music] + Officially Christmas - P1 - R - 0062L00000WC8iZQAT  <entry2> <artistName>  ATMO Music  <trackName>  Mama,0.55
697.0,<entry1>  Neil Young Barn Album_Facebook_Promoted Post_awareness  <entry2> <artistName>  FACE  <trackName>  Burn,0.5
699.0,<entry1>  Neil Young Barn Album_Facebook_Promoted Post_awareness  <entry2> <artistName>  Neil Young  <trackName>  Arc,0.665
700.0,<entry1>  Neil Young Barn Album_Facebook_Promoted Post_awareness  <entry2> <artistName>  War  <trackName>  War,0.67
701.0,<entry1>  Neil Young Barn Album_Facebook_Promoted Post_awareness  <entry2> <artistName>  War  <trackName>  Angel,0.535
702.0,<entry1>  Neil Young Barn Album_Facebook_Promoted Post_awareness  <entry2> <artistName>  WAR  <trackName>  War,0.5
703.0,<entry1>  Neil Young Barn Album_Facebook_Promoted Post_awareness  <entry2> <artistName>  WAR  <trackName>  Angel,0.365
705.0,<entry1>  Neil Young Barn Album_Facebook_Promoted Post_awareness  <entry2> <artistName>  FACE  <trackName>  Devil,0.425
706.0,<entry1>  Neil Young Barn Album_Facebook_Promoted Post_awareness  <entry2> <artistName>  War  <trackName>  Happiness,0.615
707.0,<entry1>  Led Zeppelin_IV_50_Spotify_Instagram_Story Ad_clicks  <entry2> <artistName>  Led Zeppelin  <trackName>  Friends,0.655
708.0,<entry1>  Led Zeppelin_IV_50_Spotify_Instagram_Story Ad_clicks  <entry2> <artistName>  INXS  <trackName>  Kick,0.5
710.0,<entry1>  Led Zeppelin_IV_50_Spotify_Instagram_Story Ad_clicks  <entry2> <artistName>  RA  <trackName>  Jacob's Story,0.48
711.0,<entry1>  Led Zeppelin_IV_50_Spotify_Instagram_Story Ad_clicks  <entry2> <artistName>  INXS  <trackName>  Mystify,0.41
713.0,<entry1>  Led Zeppelin_IV_50_Spotify_Instagram_Story Ad_clicks  <entry2> <artistName>  KSI  <trackName>  idk,0.5
714.0,<entry1>  Led Zeppelin_IV_50_Spotify_Instagram_Story Ad_clicks  <entry2> <artistName>  KSI  <trackName>  RAH,0.33
716.0,<entry1>  Led Zeppelin_IV_50_Spotify_Instagram_Story Ad_clicks  <entry2> <artistName>  RA  <trackName>  Training Montage,0.405
717.0,"<entry1>  Robert Plant Alison Krauss Raise Album Pre Order_Instagram_Feed Ad_awareness3  <entry2> <artistName>  Robert Plant  <trackName>  Digging Deep, The Robert Plant Podcast - Series 1 Episode 4 - Like I’ve Never Been Gone",0.635
718.0,<entry1>  Robert Plant Alison Krauss Raise Album Pre Order_Instagram_Feed Ad_awareness3  <entry2> <artistName>  RROB  <trackName>  Robbed,0.46
719.0,<entry1>  Robert Plant Alison Krauss Raise Album Pre Order_Instagram_Feed Ad_awareness3  <entry2> <artistName>  War  <trackName>  War,0.67
720.0,<entry1>  Robert Plant Alison Krauss Raise Album Pre Order_Instagram_Feed Ad_awareness3  <entry2> <artistName>  WAR  <trackName>  War,0.5
721.0,<entry1>  Robert Plant Alison Krauss Raise Album Pre Order_Instagram_Feed Ad_awareness3  <entry2> <artistName>  USS  <trackName>  Aya,0.165
722.0,<entry1>  Robert Plant Alison Krauss Raise Album Pre Order_Instagram_Feed Ad_awareness3  <entry2> <artistName>  Robie  <trackName>  De nada,0.615
723.0,<entry1>  Robert Plant Alison Krauss Raise Album Pre Order_Instagram_Feed Ad_awareness3  <entry2> <artistName>  Plan B  <trackName>  Free,0.665
726.0,<entry1>  Robert Plant Alison Krauss Raise Album Pre Order_Instagram_Feed Ad_awareness3  <entry2> <artistName>  WAR  <trackName>  SALSA,0.265
727.0,"<entry1>  Robert Plant Alison Krauss Raise Album Pre Order_Instagram_Story Ad_awareness3  <entry2> <artistName>  Robert Plant  <trackName>  Digging Deep, The Robert Plant Podcast - Series 1 Episode 4 - Like I’ve Never Been Gone",0.645
728.0,<entry1>  Robert Plant Alison Krauss Raise Album Pre Order_Instagram_Story Ad_awareness3  <entry2> <artistName>  RROB  <trackName>  Robbed,0.46
729.0,<entry1>  Robert Plant Alison Krauss Raise Album Pre Order_Instagram_Story Ad_awareness3  <entry2> <artistName>  WAR  <trackName>  War,0.5
730.0,<entry1>  Robert Plant Alison Krauss Raise Album Pre Order_Instagram_Story Ad_awareness3  <entry2> <artistName>  War  <trackName>  War,0.67
731.0,<entry1>  Robert Plant Alison Krauss Raise Album Pre Order_Instagram_Story Ad_awareness3  <entry2> <artistName>  USS  <trackName>  Aya,0.33
734.0,<entry1>  Robert Plant Alison Krauss Raise Album Pre Order_Instagram_Story Ad_awareness3  <entry2> <artistName>  Plan B  <trackName>  Free,0.665
736.0,<entry1>  Robert Plant Alison Krauss Raise Album Pre Order_Instagram_Story Ad_awareness3  <entry2> <artistName>  War  <trackName>  SALSA,0.43500000000000005
743.0,<entry1>  Clean_Bandit Drive_Instagram_Spotify_Story Ad_clicks  <entry2> <artistName>  Ban  <trackName>  Solitaria,0.665
744.0,<entry1>  Clean_Bandit Drive_Instagram_Spotify_Story Ad_clicks  <entry2> <artistName>  BVNDIT  <trackName>  Fly,0.25
745.0,<entry1>  Clean_Bandit Drive_Instagram_Spotify_Story Ad_clicks  <entry2> <artistName>  BVNDIT  <trackName>  Cool,0.335
747.0,"<entry1>  Robert Plant Alison Krauss Raise Album Pre Order_Facebook_Promoted Post_awareness  <entry2> <artistName>  Robert Plant  <trackName>  Digging Deep, The Robert Plant Podcast - Series 1 Episode 4 - Like I’ve Never Been Gone",0.64
748.0,<entry1>  Robert Plant Alison Krauss Raise Album Pre Order_Facebook_Promoted Post_awareness  <entry2> <artistName>  RA  <trackName>  Bolo,0.375
749.0,<entry1>  Robert Plant Alison Krauss Raise Album Pre Order_Facebook_Promoted Post_awareness  <entry2> <artistName>  RROB  <trackName>  Robbed,0.46
750.0,<entry1>  Robert Plant Alison Krauss Raise Album Pre Order_Facebook_Promoted Post_awareness  <entry2> <artistName>  USS  <trackName>  Aya,0.165
752.0,<entry1>  Robert Plant Alison Krauss Raise Album Pre Order_Facebook_Promoted Post_awareness  <entry2> <artistName>  USS  <trackName>  Us,0.25
754.0,<entry1>  Robert Plant Alison Krauss Raise Album Pre Order_Facebook_Promoted Post_awareness  <entry2> <artistName>  War  <trackName>  Happiness,0.615
755.0,<entry1>  Robert Plant Alison Krauss Raise Album Pre Order_Facebook_Promoted Post_awareness  <entry2> <artistName>  WAR  <trackName>  Happiness,0.44500000000000006
758.0,<entry1>  ANI - Tyttö sä oot tähti - teaser -  IGS  <entry2> <artistName>  TY  <trackName>  O.T,0.41500000000000004
760.0,<entry1>  ANI - Tyttö sä oot tähti - teaser -  IGS  <entry2> <artistName>  TY  <trackName>  So What,0.375
761.0,<entry1>  ANI - Tyttö sä oot tähti - teaser -  IGS  <entry2> <artistName>  Rani  <trackName>  Wanita,0.21000000000000002
762.0,<entry1>  ANI - Tyttö sä oot tähti - teaser -  IGS  <entry2> <artistName>  TGS  <trackName>  Rain,0.46
763.0,<entry1>  ANI - Tyttö sä oot tähti - teaser -  IGS  <entry2> <artistName>  Anki  <trackName>  Lotto,0.425
764.0,<entry1>  ANI - Tyttö sä oot tähti - teaser -  IGS  <entry2> <artistName>  TY  <trackName>  It's Nothin',0.45999999999999996
765.0,<entry1>  ANI - Tyttö sä oot tähti - teaser -  IGS  <entry2> <artistName>  TT  <trackName>  Kaiken,0.41500000000000004
766.0,<entry1>  ANI - Tyttö sä oot tähti - teaser -  IGS  <entry2> <artistName>  Anki  <trackName>  Hot pot,0.41
768.0,<entry1>  Karl Killing - friday nights-EE-WMB  <entry2> <artistName>  Faria  <trackName>  Karma,0.6
769.0,<entry1>  Karl Killing - friday nights-EE-WMB  <entry2> <artistName>  Ri  <trackName>  My riga,0.5349999999999999
770.0,<entry1>  Karl Killing - friday nights-EE-WMB  <entry2> <artistName>  KARI  <trackName>  War,0.46
772.0,<entry1>  Karl Killing - friday nights-EE-WMB  <entry2> <artistName>  NIIGHTS  <trackName>  Segue,0.1
773.0,<entry1>  Karl Killing - friday nights-EE-WMB  <entry2> <artistName>  NIIGHTS  <trackName>  Trees,0.1
774.0,<entry1>  Karl Killing - friday nights-EE-WMB  <entry2> <artistName>  Lights  <trackName>  White,0.54
775.0,<entry1>  Karl Killing - friday nights-EE-WMB  <entry2> <artistName>  Lights  <trackName>  Real Thing,0.665
776.0,<entry1>  Karl Killing - friday nights-EE-WMB  <entry2> <artistName>  illion  <trackName>  DANCE,0.515
778.0,<entry1>  Avril Lavine - Bite Me -WMB  <entry2> <artistName>  Avril Lavigne  <trackName>  Alice,0.66
780.0,<entry1>  Avril Lavine - Bite Me -WMB  <entry2> <artistName>  Avril Lavigne  <trackName>  Warrior,0.605
782.0,<entry1>  Avril Lavine - Bite Me -WMB  <entry2> <artistName>  Ri  <trackName>  BFK,0.41500000000000004
783.0,<entry1>  Avril Lavine - Bite Me -WMB  <entry2> <artistName>  Elaine  <trackName>  Rise Again,0.585
784.0,<entry1>  Avril Lavine - Bite Me -WMB  <entry2> <artistName>  Mavin  <trackName>  Blind,0.6000000000000001
785.0,<entry1>  Avril Lavine - Bite Me -WMB  <entry2> <artistName>  Avril Lavigne  <trackName>  Mobile,0.625
788.0,<entry1>  Karl Killing - friday nights-IGS-EE-WMB  <entry2> <artistName>  Faria  <trackName>  Karma,0.6
789.0,<entry1>  Karl Killing - friday nights-IGS-EE-WMB  <entry2> <artistName>  Ri  <trackName>  My riga,0.5349999999999999
790.0,<entry1>  Karl Killing - friday nights-IGS-EE-WMB  <entry2> <artistName>  KARI  <trackName>  War,0.46
792.0,<entry1>  Karl Killing - friday nights-IGS-EE-WMB  <entry2> <artistName>  NIIGHTS  <trackName>  Segue,0.315
793.0,<entry1>  Karl Killing - friday nights-IGS-EE-WMB  <entry2> <artistName>  illion  <trackName>  DANCE,0.515
794.0,<entry1>  Karl Killing - friday nights-IGS-EE-WMB  <entry2> <artistName>  Farida  <trackName>  Warda,0.635
795.0,<entry1>  Karl Killing - friday nights-IGS-EE-WMB  <entry2> <artistName>  Lights  <trackName>  Real Thing,0.665
796.0,<entry1>  Karl Killing - friday nights-IGS-EE-WMB  <entry2> <artistName>  Ri  <trackName>  Highlife,0.44
798.0,<entry1>  Ilta - Taivas maan päällä - teaser - IGS  <entry2> <artistName>  TAI  <trackName>  Steroid,0.38
799.0,<entry1>  Ilta - Taivas maan päällä - teaser - IGS  <entry2> <artistName>  Hilt  <trackName>  Hilter,0.5
802.0,<entry1>  Ilta - Taivas maan päällä - teaser - IGS  <entry2> <artistName>  TAI  <trackName>  Tailand,0.44999999999999996
803.0,<entry1>  Ilta - Taivas maan päällä - teaser - IGS  <entry2> <artistName>  Jigs  <trackName>  Stand Up,0.5
804.0,<entry1>  Ilta - Taivas maan päällä - teaser - IGS  <entry2> <artistName>  Texas  <trackName>  Hi,0.45
806.0,<entry1>  Ilta - Taivas maan päällä - teaser - IGS  <entry2> <artistName>  Jigs  <trackName>  Maria,0.35
811.0,<entry1>  LIVE: Ilta - Joulukiertue (Hyvinkää)  <entry2> <artistName>  Luke  <trackName>  Libre,0.575
812.0,<entry1>  LIVE: Ilta - Joulukiertue (Hyvinkää)  <entry2> <artistName>  July  <trackName>  I Like It,0.595
813.0,<entry1>  LIVE: Ilta - Joulukiertue (Hyvinkää)  <entry2> <artistName>  LaVive  <trackName>  Hurtful,0.38
814.0,<entry1>  LIVE: Ilta - Joulukiertue (Hyvinkää)  <entry2> <artistName>  ALi  <trackName>  I Keep Crying,0.32
815.0,<entry1>  LIVE: Ilta - Joulukiertue (Hyvinkää)  <entry2> <artistName>  July  <trackName>  The Way,0.59
816.0,<entry1>  LIVE: Ilta - Joulukiertue (Hyvinkää)  <entry2> <artistName>  Hilt  <trackName>  Come Alive,0.4
817.0,<entry1>  LIVE: Ilta - Joulukiertue (Savonlinna)  <entry2> <artistName>  INNA  <trackName>  July,0.5
818.0,<entry1>  LIVE: Ilta - Joulukiertue (Savonlinna)  <entry2> <artistName>  INNA  <trackName>  Love,0.25
820.0,<entry1>  LIVE: Ilta - Joulukiertue (Savonlinna)  <entry2> <artistName>  LINA  <trackName>  LIN,0.585
822.0,<entry1>  LIVE: Ilta - Joulukiertue (Savonlinna)  <entry2> <artistName>  Inna  <trackName>  Love,0.5
823.0,<entry1>  LIVE: Ilta - Joulukiertue (Savonlinna)  <entry2> <artistName>  INNA  <trackName>  Ladies,0.29000000000000004
824.0,<entry1>  LIVE: Ilta - Joulukiertue (Savonlinna)  <entry2> <artistName>  Inna  <trackName>  Ladies,0.54
825.0,<entry1>  LIVE: Ilta - Joulukiertue (Savonlinna)  <entry2> <artistName>  LINA  <trackName>  LINAL,0.45
829.0,<entry1>  LIVE: Ilta - Joulukiertue (Joensuu)  <entry2> <artistName>  Owen  <trackName>  Love,0.375
832.0,<entry1>  LIVE: Ilta - Joulukiertue (Joensuu)  <entry2> <artistName>  Joe  <trackName>  Love Centric,0.665
834.0,<entry1>  LIVE: Ilta - Joulukiertue (Joensuu)  <entry2> <artistName>  Joe  <trackName>  For Love,0.625
836.0,<entry1>  LIVE: Ilta - Joulukiertue (Joensuu)  <entry2> <artistName>  Suu  <trackName>  Súbete,0.585
837.0,<entry1>  LIVE: Erin - 10 vuotta hunningolla (Helsinki)  <entry2> <artistName>  Ninho  <trackName>  NI,0.55
838.0,<entry1>  LIVE: Erin - 10 vuotta hunningolla (Helsinki)  <entry2> <artistName>  RIN  <trackName>  Sun,0.5
841.0,<entry1>  LIVE: Erin - 10 vuotta hunningolla (Helsinki)  <entry2> <artistName>  Blink  <trackName>  Love Me,0.545
842.0,<entry1>  LIVE: Erin - 10 vuotta hunningolla (Helsinki)  <entry2> <artistName>  RIN  <trackName>  Like You,0.32
844.0,<entry1>  LIVE: Erin - 10 vuotta hunningolla (Helsinki)  <entry2> <artistName>  Ali  <trackName>  Single,0.67
845.0,<entry1>  LIVE: Erin - 10 vuotta hunningolla (Helsinki)  <entry2> <artistName>  Ninho  <trackName>  Bali,0.55
846.0,<entry1>  LIVE: Erin - 10 vuotta hunningolla (Helsinki)  <entry2> <artistName>  Ninho  <trackName>  TTR,0.3
847.0,<entry1>  LIVE: Vesala - 40-juhlakiertue (Tampere)  <entry2> <artistName>  Amber  <trackName>  Life,0.45
850.0,<entry1>  LIVE: Vesala - 40-juhlakiertue (Tampere)  <entry2> <artistName>  Hank  <trackName>  Hank,0.5
851.0,<entry1>  LIVE: Vesala - 40-juhlakiertue (Tampere)  <entry2> <artistName>  Amber  <trackName>  Amber (EPK),0.38
852.0,<entry1>  LIVE: Vesala - 40-juhlakiertue (Tampere)  <entry2> <artistName>  Amber  <trackName>  Yes,0.535
854.0,<entry1>  LIVE: Vesala - 40-juhlakiertue (Tampere)  <entry2> <artistName>  Vesala  <trackName>  Elegia,0.665
856.0,<entry1>  LIVE: Vesala - 40-juhlakiertue (Tampere)  <entry2> <artistName>  Holki  <trackName>  Tebe mam,0.55
858.0,<entry1>  Ilta - Taivas maan päällä  - teaser - FB  <entry2> <artistName>  Hilt  <trackName>  Hilter,0.5
859.0,<entry1>  Ilta - Taivas maan päällä  - teaser - FB  <entry2> <artistName>  TAI  <trackName>  Tailand,0.44999999999999996
861.0,<entry1>  Ilta - Taivas maan päällä  - teaser - FB  <entry2> <artistName>  MEAN  <trackName>  So Mean,0.215
862.0,<entry1>  Ilta - Taivas maan päällä  - teaser - FB  <entry2> <artistName>  Texas  <trackName>  Hi,0.45
866.0,<entry1>  Ilta - Taivas maan päällä  - teaser - FB  <entry2> <artistName>  Pilot  <trackName>  Steps,0.4
867.0,<entry1>  Miss Caffeina - POR SI - SGL- NOV 2021  <entry2> <artistName>  Miss Caffeina  <trackName>  Por si,0.665
871.0,<entry1>  Miss Caffeina - POR SI - SGL- NOV 2021  <entry2> <artistName>  Ffion  <trackName>  I Miss U,0.61
873.0,<entry1>  Miss Caffeina - POR SI - SGL- NOV 2021  <entry2> <artistName>  LINA  <trackName>  LINA,0.5
874.0,<entry1>  Miss Caffeina - POR SI - SGL- NOV 2021  <entry2> <artistName>  MIST  <trackName>  On It,0.425
875.0,<entry1>  Miss Caffeina - POR SI - SGL- NOV 2021  <entry2> <artistName>  Miss Caffeina  <trackName>  N=1,0.665
876.0,<entry1>  Miss Caffeina - POR SI - SGL- NOV 2021  <entry2> <artistName>  Finn  <trackName>  Eon,0.41500000000000004
877.0,<entry1>  Vanesa Martín - 7 veces si - PO - NOV 2021  <entry2> <artistName>  Vanesa Martín  <trackName>  Hoy no,0.585
878.0,<entry1>  Vanesa Martín - 7 veces si - PO - NOV 2021  <entry2> <artistName>  Vanesa Martín  <trackName>  Si pasa o no,0.665
880.0,<entry1>  Vanesa Martín - 7 veces si - PO - NOV 2021  <entry2> <artistName>  Vanesa Martín  <trackName>  Casi te rozo,0.665
881.0,<entry1>  Vanesa Martín - 7 veces si - PO - NOV 2021  <entry2> <artistName>  Vanesa Martín  <trackName>  Que no,0.665
883.0,<entry1>  Vanesa Martín - 7 veces si - PO - NOV 2021  <entry2> <artistName>  Vanesa Martín  <trackName>  Ey,0.5
884.0,<entry1>  Vanesa Martín - 7 veces si - PO - NOV 2021  <entry2> <artistName>  Vec  <trackName>  Rosada,0.585
885.0,<entry1>  Vanesa Martín - 7 veces si - PO - NOV 2021  <entry2> <artistName>  Vec  <trackName>  Slovak,0.42000000000000004
886.0,<entry1>  Vanesa Martín - 7 veces si - PO - NOV 2021  <entry2> <artistName>  Vec  <trackName>  Tu,0.335
887.0,<entry1>  Gen Dro Cine (Rosendo) - EVENTO - NOV 2021  <entry2> <artistName>  Leto  <trackName>  20/21,0.5700000000000001
889.0,<entry1>  Gen Dro Cine (Rosendo) - EVENTO - NOV 2021  <entry2> <artistName>  Venom  <trackName>  Venom,0.4
894.0,<entry1>  Gen Dro Cine (Rosendo) - EVENTO - NOV 2021  <entry2> <artistName>  CIAN  <trackName>  VETE,0.5
897.0,<entry1>  Gen Dro Cine (General) - EVENTO - NOV 2021  <entry2> <artistName>  Venom  <trackName>  Venom,0.4
899.0,<entry1>  Gen Dro Cine (General) - EVENTO - NOV 2021  <entry2> <artistName>  VERA  <trackName>  Fine,0.625
900.0,<entry1>  Gen Dro Cine (General) - EVENTO - NOV 2021  <entry2> <artistName>  CIAN  <trackName>  VETE,0.5
901.0,<entry1>  Gen Dro Cine (General) - EVENTO - NOV 2021  <entry2> <artistName>  Feral  <trackName>  Noa,0.5650000000000001
902.0,<entry1>  Gen Dro Cine (General) - EVENTO - NOV 2021  <entry2> <artistName>  Feral  <trackName>  Ryo,0.5650000000000001
903.0,<entry1>  Gen Dro Cine (General) - EVENTO - NOV 2021  <entry2> <artistName>  RA  <trackName>  Someone to Die For,0.14
905.0,<entry1>  Gen Dro Cine (General) - EVENTO - NOV 2021  <entry2> <artistName>  RA  <trackName>  Vega,0.125
906.0,<entry1>  Gen Dro Cine (General) - EVENTO - NOV 2021  <entry2> <artistName>  Venom  <trackName>  Genocide,0.45
908.0,<entry1>  Extremoduro - No quiero ser como tu - ALB - NOV 2021  <entry2> <artistName>  Modus  <trackName>  Modus,0.6
909.0,<entry1>  Extremoduro - No quiero ser como tu - ALB - NOV 2021  <entry2> <artistName>  Extremoduro  <trackName>  A Fuego,0.645
910.0,<entry1>  Extremoduro - No quiero ser como tu - ALB - NOV 2021  <entry2> <artistName>  Doro  <trackName>  Hero,0.625
911.0,<entry1>  Extremoduro - No quiero ser como tu - ALB - NOV 2021  <entry2> <artistName>  VIRO  <trackName>  Viro,0.375
913.0,<entry1>  Extremoduro - No quiero ser como tu - ALB - NOV 2021  <entry2> <artistName>  210  <trackName>  Tub,0.5650000000000001
917.0,<entry1>  2556 | WMA ADS | MA | FLEETWOOD MAC | PODCAST AD | TBC__Video views  <entry2> <artistName>  Fleetwood Mac  <trackName>  I Do,0.365
918.0,<entry1>  2556 | WMA ADS | MA | FLEETWOOD MAC | PODCAST AD | TBC__Video views  <entry2> <artistName>  Cast  <trackName>  Lei,0.31
919.0,<entry1>  2556 | WMA ADS | MA | FLEETWOOD MAC | PODCAST AD | TBC__Video views  <entry2> <artistName>  Basta  <trackName>  Mama,0.25
920.0,<entry1>  2556 | WMA ADS | MA | FLEETWOOD MAC | PODCAST AD | TBC__Video views  <entry2> <artistName>  Fleetwood Mac  <trackName>  Stand Back,0.21500000000000002
922.0,<entry1>  2556 | WMA ADS | MA | FLEETWOOD MAC | PODCAST AD | TBC__Video views  <entry2> <artistName>  Fleetwood Mac  <trackName>  Crystal,0.20500000000000002
923.0,<entry1>  2556 | WMA ADS | MA | FLEETWOOD MAC | PODCAST AD | TBC__Video views  <entry2> <artistName>  Fleetwood Mac  <trackName>  Little Lies,0.39
924.0,<entry1>  2556 | WMA ADS | MA | FLEETWOOD MAC | PODCAST AD | TBC__Video views  <entry2> <artistName>  DEDO  <trackName>  Mama,0.25
925.0,<entry1>  2556 | WMA ADS | MA | FLEETWOOD MAC | PODCAST AD | TBC__Video views  <entry2> <artistName>  Fleetwood Mac  <trackName>  Warm Ways,0.225
926.0,<entry1>  2556 | WMA ADS | MA | FLEETWOOD MAC | PODCAST AD | TBC__Video views  <entry2> <artistName>  Cast  <trackName>  Fine Time,0.255
928.0,<entry1>  [Phase 2 - Clicks] WrAu - The Black Keys - El Camino 10th Anniversary - P1 - R - 0062L00000VISeqQAH [FB/IG/IGS - Australia]  <entry2> <artistName>  RA  <trackName>  The City,0.5
930.0,<entry1>  [Phase 2 - Clicks] WrAu - The Black Keys - El Camino 10th Anniversary - P1 - R - 0062L00000VISeqQAH [FB/IG/IGS - Australia]  <entry2> <artistName>  RA  <trackName>  Into the Sunset,0.385
938.0,<entry1>  [Phase 2 - Thruplays] WrAu - The Black Keys - El Camino 10th Anniversary - P1 - R - 0062L00000VISeqQAH [FB/IG/IGS - Australia]  <entry2> <artistName>  SANNI  <trackName>  Sanni,0.5
939.0,<entry1>  [Phase 2 - Thruplays] WrAu - The Black Keys - El Camino 10th Anniversary - P1 - R - 0062L00000VISeqQAH [FB/IG/IGS - Australia]  <entry2> <artistName>  RA  <trackName>  The City,0.5
941.0,<entry1>  [Phase 2 - Thruplays] WrAu - The Black Keys - El Camino 10th Anniversary - P1 - R - 0062L00000VISeqQAH [FB/IG/IGS - Australia]  <entry2> <artistName>  RA  <trackName>  Into the Sunset,0.385
947.0,<entry1>  2612 | WMA ADS | MA | SIA | CHRISTMAS | P067943__Video views  <entry2> <artistName>  Chic  <trackName>  26,0.625
948.0,<entry1>  2612 | WMA ADS | MA | SIA | CHRISTMAS | P067943__Video views  <entry2> <artistName>  Sia  <trackName>  Crispr,0.365
949.0,<entry1>  2612 | WMA ADS | MA | SIA | CHRISTMAS | P067943__Video views  <entry2> <artistName>  Sia  <trackName>  Storm,0.265
950.0,<entry1>  2612 | WMA ADS | MA | SIA | CHRISTMAS | P067943__Video views  <entry2> <artistName>  DEON  <trackName>  Stars,0.225
951.0,<entry1>  2612 | WMA ADS | MA | SIA | CHRISTMAS | P067943__Video views  <entry2> <artistName>  Sia  <trackName>  Everyday Is Christmas,0.26
952.0,<entry1>  2612 | WMA ADS | MA | SIA | CHRISTMAS | P067943__Video views  <entry2> <artistName>  DEON  <trackName>  Ties,0.5
953.0,<entry1>  2612 | WMA ADS | MA | SIA | CHRISTMAS | P067943__Video views  <entry2> <artistName>  Sia  <trackName>  Lie To Me,0.31
954.0,<entry1>  2612 | WMA ADS | MA | SIA | CHRISTMAS | P067943__Video views  <entry2> <artistName>  Chic  <trackName>  Chicism,0.28
955.0,<entry1>  2612 | WMA ADS | MA | SIA | CHRISTMAS | P067943__Video views  <entry2> <artistName>  Riot  <trackName>  No Lies,0.48
956.0,<entry1>  2612 | WMA ADS | MA | SIA | CHRISTMAS | P067943__Video views  <entry2> <artistName>  Haris  <trackName>  Bad,0.365
958.0,<entry1>  Tiesto - The Motto - Drive Traffic To Website  <entry2> <artistName>  Raf  <trackName>  Tu,0.585
959.0,<entry1>  Tiesto - The Motto - Drive Traffic To Website  <entry2> <artistName>  Raf  <trackName>  Ti amo,0.585
960.0,<entry1>  Tiesto - The Motto - Drive Traffic To Website  <entry2> <artistName>  RA  <trackName>  The City,0.31
961.0,<entry1>  Tiesto - The Motto - Drive Traffic To Website  <entry2> <artistName>  RA  <trackName>  Into the Sunset,0.235
962.0,<entry1>  Tiesto - The Motto - Drive Traffic To Website  <entry2> <artistName>  Hemso  <trackName>  Skit,0.55
963.0,<entry1>  Tiesto - The Motto - Drive Traffic To Website  <entry2> <artistName>  Raf  <trackName>  Ti pretendo,0.515
964.0,<entry1>  Tiesto - The Motto - Drive Traffic To Website  <entry2> <artistName>  Raf  <trackName>  Io muoio di te,0.515
965.0,<entry1>  Tiesto - The Motto - Drive Traffic To Website  <entry2> <artistName>  RA  <trackName>  Hop Wei Boys,0.24
966.0,<entry1>  Tiesto - The Motto - Drive Traffic To Website  <entry2> <artistName>  RA  <trackName>  Someone to Die For,0.22
967.0,<entry1>  Bbenson Boone - Drive Traffic To Website  <entry2> <artistName>  RA  <trackName>  Bolo,0.375
968.0,<entry1>  Bbenson Boone - Drive Traffic To Website  <entry2> <artistName>  RA  <trackName>  Someone to Die For,0.305
969.0,<entry1>  Bbenson Boone - Drive Traffic To Website  <entry2> <artistName>  Benson  <trackName>  Faith,0.615
970.0,<entry1>  Bbenson Boone - Drive Traffic To Website  <entry2> <artistName>  RA  <trackName>  Hop Wei Boys,0.24
972.0,<entry1>  Bbenson Boone - Drive Traffic To Website  <entry2> <artistName>  One  <trackName>  Becoming,0.585
973.0,<entry1>  Bbenson Boone - Drive Traffic To Website  <entry2> <artistName>  B2B  <trackName>  Taj,0.5
974.0,<entry1>  Bbenson Boone - Drive Traffic To Website  <entry2> <artistName>  Raf  <trackName>  Io muoio di te,0.55
975.0,<entry1>  Bbenson Boone - Drive Traffic To Website  <entry2> <artistName>  One  <trackName>  Pistol Whipped,0.555
983.0,<entry1>  2614 | WMA ads | HW | The Walters | I Love You So | P067968  <entry2> <artistName>  LOEF  <trackName>  WAIT,0.375
988.0,<entry1>  Eltr - Trivium - The Phalanx - P1 - R - 0062L00000VfZb7QAF [Artist Targeting]  <entry2> <artistName>  Felt  <trackName>  The Palace,0.65
992.0,<entry1>  Eltr - Trivium - The Phalanx - P1 - R - 0062L00000VfZb7QAF [Artist Targeting]  <entry2> <artistName>  The Hi  <trackName>  Lit,0.67
994.0,"<entry1>  Eltr - Trivium - The Phalanx - P1 - R - 0062L00000VfZb7QAF [Artist Targeting]  <entry2> <artistName>  Diana Kovaľová, Martin Schreiner, Giovanni Ricci, Julia Kramárová, Timotej Májský, Lucie Bikárová, Dominika Lukešová, Michal Šafrata, Esther Lubadika, Barbora Piešová  <trackName>  Say Something",0.325
996.0,<entry1>  Eltr - Trivium - The Phalanx - P1 - R - 0062L00000VfZb7QAF [Artist Targeting]  <entry2> <artistName>  Felt  <trackName>  The Clap,0.56
998.0,<entry1>  2021 - Joel Corry - I Wish  <entry2> <artistName>  AiSh  <trackName>  Shy,0.45
999.0,<entry1>  2021 - Joel Corry - I Wish  <entry2> <artistName>  210  <trackName>  210,0.67
